ID,district,state,name,party,clinton,trump,2016_Rmargin,House_Rmargin,obama,romney,2012_Rmargin,swing12,blacks,manufacturing,med_income,public_ins,bachelors,medincdiff,medincdiff_k,medinc_10k,foreign_p
1,AK-AL,AK,"Young, Don",(R),37.6,52.8,15.2,14.3,41.2,55.3,14.1,0,0.032016703,0.042965797,76440,0.294051243,0.296,19924,19.924,7.644,7.497675934
2,AL-01,AL,"Byrne, Bradley",(R),34.1,63.5,29.4,100,37.4,61.8,24.4,0,0.273468785,0.119732053,47083,0.381436438,0.24,-9433,-9.433,4.7083,2.697254765
3,AL-02,AL,"Roby, Martha",(R),33,64.9,31.9,9.2,36.4,62.9,26.5,0,0.321953109,0.142619217,42035,0.392460225,0.218,-14481,-14.481,4.2035,2.572690689
4,AL-03,AL,"Rogers, Mike",(R),32.3,65.3,33,34,36.8,62.3,25.5,0,0.262501374,0.169560417,46544,0.361662527,0.228,-9972,-9.972,4.6544,2.776673686
5,AL-04,AL,"Aderholt, Rob",(R),17.4,80.4,63,100,24,74.8,50.8,0,0.070651116,0.20339124,41110,0.401463757,0.17,-15406,-15.406,4.111,3.418399381
6,AL-05,AL,"Brooks, Mo",(R),31.3,64.7,33.4,33.6,34.9,63.9,29,0,0.178507822,0.143297632,51690,0.326104319,0.303,-4826,-4.826,5.169,4.346209067
7,AL-06,AL,"Palmer, Gary",(R),26.1,70.8,44.7,52.2,24.7,74.3,49.6,0,0.148578241,0.086004024,61413,0.28654464,0.367,4897,4.897,6.1413,4.757980937
8,AL-07,AL,"Sewell, Terri",(D),69.8,28.6,-41.2,-100,72.4,27.1,-45.3,0,0.634522182,0.133136519,34664,0.436476134,0.194,-21852,-21.852,3.4664,2.923696348
9,AR-01,AR,"Crawford, Rick",(R),30.2,65,34.8,100,36.3,61,24.7,0,0.177543256,0.150947576,40492,0.490762492,0.165,-16024,-16.024,4.0492,1.740171661
10,AR-02,AR,"Hill, French",(R),41.7,52.4,10.7,21.5,42.9,54.7,11.8,0,0.223276486,0.077215972,49498,0.397740532,0.3,-7018,-7.018,4.9498,4.021456553
11,AR-03,AR,"Womack, Steve",(R),30.5,61.9,31.4,100,31.6,65.5,33.9,0,0.031047408,0.152576747,47903,0.372050888,0.269,-8613,-8.613,4.7903,9.283752834
12,AR-04,AR,"Westerman, Bruce",(R),31.3,64.2,32.9,100,35.9,61.8,25.9,0,0.199559032,0.160908891,39586,0.479021069,0.158,-16930,-16.93,3.9586,3.060270755
13,AZ-01,AZ,"O'Halleran, Tom",(D),46.6,47.7,1.1,-7.3,47.9,50.4,2.5,1,0.02346256,0.064771057,50537,0.452950665,0.245,-5979,-5.979,5.0537,5.649451575
14,AZ-02,AZ,"McSally, Martha",(R),49.6,44.7,-4.9,14,48.4,49.9,1.5,1,0.040481758,0.059462298,49072,0.446695014,0.34,-7444,-7.444,4.9072,11.73568355
15,AZ-03,AZ,"Grijalva, Raul",(D),62.4,32.5,-29.9,-100,61.4,36.9,-24.5,0,0.044620117,0.059989806,44224,0.426678766,0.165,-12292,-12.292,4.4224,21.69473231
16,AZ-04,AZ,"Gosar, Paul",(R),27.5,67.7,40.2,43,31,67.2,36.2,0,0.016423302,0.059532658,49466,0.501226894,0.192,-7050,-7.05,4.9466,7.04583534
17,AZ-05,AZ,"Biggs, Andy",(R),36.5,57.6,21.1,28.2,34.6,63.8,29.2,0,0.035123741,0.095456302,71693,0.285081365,0.36,15177,15.177,7.1693,10.21232694
18,AZ-06,AZ,"Schweikert, David",(R),42.4,52.4,10,24.2,38.8,59.5,20.7,0,0.021975062,0.063064106,67830,0.333148407,0.454,11314,11.314,6.783,14.43376884
19,AZ-07,AZ,"Gallego, Ruben",(D),71.8,22.6,-49.2,-50.6,71.7,26.5,-45.2,0,0.098634265,0.084133883,40991,0.460208333,0.14,-15525,-15.525,4.0991,25.59803614
20,AZ-08,AZ,Franks,(R),37,58.1,21.1,100,36.9,61.7,24.8,0,0.038793065,0.058607665,61754,0.37619092,0.294,5238,5.238,6.1754,9.635519501
21,AZ-09,AZ,"Sinema, Kyrsten",(D),54.7,38.4,-16.3,-21.8,51.1,46.6,-4.5,1,0.065028515,0.076826333,55349,0.305232558,0.375,-1167,-1.167,5.5349,14.65413727
22,CA-01,CA,"LaMalfa, Doug",(R),36.5,56.2,19.7,18.2,40.3,56.6,16.3,0,0.013193261,0.064894536,47488,0.500741878,0.237,-9028,-9.028,4.7488,6.262568228
23,CA-02,CA,"Huffman, Jared",(D),69,23.3,-45.7,-53.8,69,27,-42,0,0.013394266,0.062134184,66604,0.413039131,0.409,10088,10.088,6.6604,13.69027174
24,CA-03,CA,"Garamendi, John",(D),53,40.4,-12.6,-18.8,54.3,43.1,-11.2,0,0.063059522,0.0774939,61508,0.422331976,0.251,4992,4.992,6.1508,19.33001285
25,CA-04,CA,"McClintock, Tom",(R),39.3,54,14.7,25.4,39.5,57.9,18.4,0,0.013656299,0.061360704,74074,0.373736193,0.333,17558,17.558,7.4074,9.177949697
26,CA-05,CA,"Thompson, Mike",(D),69.2,24.3,-44.9,-53.8,69.7,27.5,-42.2,0,0.063911746,0.102789705,73006,0.382844965,0.312,16490,16.49,7.3006,21.17727945
27,CA-06,CA,"Matsui, Doris",(D),69.2,24.4,-44.8,-50.8,69.1,28.3,-40.8,0,0.1287535,0.05467191,51932,0.466180315,0.275,-4584,-4.584,5.1932,22.80863418
28,CA-07,CA,"Bera, Ami",(D),52.3,40.9,-11.4,-2.4,50.8,46.8,-4,1,0.069785014,0.055202573,68735,0.365661892,0.329,12219,12.219,6.8735,18.77197116
29,CA-08,CA,"Cook, Paul",(R),39.6,54.7,15.1,24.6,41.7,55.6,13.9,0,0.090436705,0.063228574,49194,0.494689684,0.171,-7322,-7.322,4.9194,13.65519624
30,CA-09,CA,"McNerney, Jerry",(D),56.6,38,-18.6,-14.8,57.8,40.1,-17.7,0,0.094937657,0.081254669,61454,0.436964462,0.191,4938,4.938,6.1454,22.27160046
31,CA-10,CA,"Denham, Jeff",(R),48.5,45.5,-3,3.4,50.6,47,-3.6,1,0.033919964,0.118978263,60235,0.451994192,0.166,3719,3.719,6.0235,20.55211553
32,CA-11,CA,"DeSaulnier, Mark",(D),71.5,22.7,-48.8,-44.2,67.6,30,-37.6,0,0.0762861,0.055070396,86000,0.343920578,0.436,29484,29.484,8.6,26.01908937
33,CA-12,CA,"Pelosi, Nancy",(D),86.2,8.7,-77.5,-100,84.1,12.5,-71.6,0,0.05160167,0.050853878,105918,0.287669141,0.595,49402,49.402,10.5918,33.52919652
34,CA-13,CA,"Lee, Barbara",(D),87.4,6.8,-80.6,-81.6,87.5,9,-78.5,0,0.171853298,0.065907172,73601,0.340936625,0.472,17085,17.085,7.3601,27.49327038
35,CA-14,CA,"Speier, Jackie",(D),76.9,18.2,-58.7,-61.8,74.2,23.6,-50.6,0,0.026796931,0.072127734,103850,0.286065895,0.475,47334,47.334,10.385,37.66095581
36,CA-15,CA,"Swalwell, Eric",(D),69.9,24.2,-45.7,-47.6,68,29.8,-38.2,0,0.050511392,0.114081549,106291,0.271039811,0.45,49775,49.775,10.6291,34.84391795
37,CA-16,CA,"Costa, Jim",(D),58,36.4,-21.6,-16,58.6,39.4,-19.2,0,0.062463278,0.091983934,40207,0.594874085,0.122,-16309,-16.309,4.0207,25.08419607
38,CA-17,CA,"Khanna, Ro",(D),73.9,20.5,-53.4,-100,71.9,25.5,-46.4,0,0.027870759,0.184332415,121150,0.24836223,0.57,64634,64.634,12.115,49.37629656
39,CA-18,CA,"Eshoo, Anna",(D),73.4,20.2,-53.2,-42.2,68.2,28.9,-39.3,0,0.020286545,0.127374559,125790,0.259487379,0.615,69274,69.274,12.579,30.48786759
40,CA-19,CA,"Lofgren, Zoe",(D),72.9,21.5,-51.4,-47.8,71.2,26.5,-44.7,0,0.027696669,0.144992515,93139,0.35129356,0.355,36623,36.623,9.3139,34.7165701
41,CA-20,CA,"Panetta, Jimmy",(D),70.4,23.2,-47.2,-41.6,70.9,26.2,-44.7,0,0.018304193,0.067112295,67419,0.408638487,0.279,10903,10.903,6.7419,26.34249574
42,CA-21,CA,"Valadao, David",(R),55.2,39.7,-15.5,13.4,54.6,43.5,-11.1,0,0.038860935,0.364082978,41174,0.560152397,0.079,-15342,-15.342,4.1174,28.48613339
43,CA-22,CA,"Nunes, Devin",(R),42.6,52.1,9.5,35.2,41.6,56.6,15,0,0.024182796,0.074046255,56524,0.440927539,0.241,8,0.008,5.6524,18.34926763
44,CA-23,CA,"McCarthy, Kevin",(R),36.1,58.1,22,38.4,36.1,61.5,25.4,0,0.064771908,0.065023908,54437,0.444028944,0.208,-2079,-2.079,5.4437,14.11073226
45,CA-24,CA,"Carbajal, Salud",(D),56.7,36.5,-20.2,-6.8,54.1,43.1,-11,0,0.01825775,0.072301209,68929,0.367482744,0.34,12413,12.413,6.8929,18.80614593
46,CA-25,CA,"Knight, Steve",(R),50.3,43.6,-6.7,6.2,47.8,49.7,1.9,1,0.06979,0.10506582,75367,0.340735687,0.278,18851,18.851,7.5367,61.68403179
47,CA-26,CA,"Brownley, Julia",(D),57.9,36,-21.9,-20.8,54,43.7,-10.3,0,0.017394967,0.099041041,76914,0.350430555,0.341,20398,20.398,7.6914,23.48664615
48,CA-27,CA,"Chu, Judy",(D),66,28.4,-37.6,-34.8,62.6,35,-27.6,0,0.050910336,0.072420816,71223,0.376312307,0.405,14707,14.707,7.1223,38.5954303
49,CA-28,CA,"Schiff, Adam",(D),72.1,22.3,-49.8,-56,70.3,26.5,-43.8,0,0.031975175,0.051248927,63940,0.36286991,0.462,7424,7.424,6.394,39.66725525
50,CA-29,CA,"Cardenas, Tony",(D),77.7,16.8,-60.9,-100,77,20.5,-56.5,0,0.0326424,0.099464681,50655,0.475772437,0.192,-5861,-5.861,5.0655,43.44232951
51,CA-30,CA,"Sherman, Brad",(D),69.1,25.7,-43.4,-45.2,65.3,32.1,-33.2,0,0.059558414,0.070951125,76778,0.321957898,0.424,20262,20.262,7.6778,32.97313088
52,CA-31,CA,"Aguilar, Pete",(D),57.7,36.6,-21.1,-12.2,57.2,40.6,-16.6,0,0.101682271,0.087771003,58668,0.435466543,0.227,2152,2.152,5.8668,22.03892398
53,CA-32,CA,"Napolitano, Grace",(D),66.6,27.7,-38.9,-100,65.2,32.5,-32.7,0,0.032899784,0.109812449,67101,0.415249787,0.214,10585,10.585,6.7101,36.58156912
54,CA-33,CA,"Lieu, Ted",(D),67.8,26.5,-41.3,-32.8,60.6,36.8,-23.8,0,0.03156179,0.077033857,101956,0.241339199,0.654,45440,45.44,10.1956,23.23447685
55,CA-34,CA,"Gomez, Jimmy",(D),83.6,10.7,-72.9,-100,83,14.1,-68.9,0,0.045645921,0.097219226,40847,0.474923584,0.254,-15669,-15.669,4.0847,46.49944241
56,CA-35,CA,"Torres, Norma",(D),67.7,26.9,-40.8,-44.8,67.4,30.6,-36.8,0,0.063216284,0.111522218,57159,0.423422726,0.161,643,0.643,5.7159,29.5468553
57,CA-36,CA,"Ruiz, Raul",(D),52.2,43.4,-8.8,-24.2,50.7,47.5,-3.2,1,0.044594787,0.055015487,44567,0.537197534,0.206,-11949,-11.949,4.4567,22.47316431
58,CA-37,CA,"Bass, Karen",(D),85.7,9.6,-76.1,-100,84.9,12.7,-72.2,0,0.218648578,0.05021492,55190,0.381823885,0.369,-1326,-1.326,5.519,32.62643859
59,CA-38,CA,"Sanchez, Linda",(D),67,27.4,-39.6,-41,64.9,33,-31.9,0,0.046333065,0.127921275,66421,0.365069711,0.235,9905,9.905,6.6421,30.68689174
60,CA-39,CA,"Royce, Ed",(R),51.5,42.9,-8.6,14.4,47.1,50.8,3.7,1,0.024282479,0.120569623,85188,0.326657322,0.416,28672,28.672,8.5188,34.10534738
61,CA-40,CA,"Roybal-Allard, Lucille",(D),82.2,12.8,-69.4,-100,81.5,16.5,-65,0,0.042372588,0.164927228,42902,0.510835004,0.098,-13614,-13.614,4.2902,40.37160691
62,CA-41,CA,"Takano, Mark",(D),61,33.1,-27.9,-30,61.5,36.3,-25.2,0,0.0960502,0.109598123,62069,0.428720093,0.183,5553,5.553,6.2069,24.5195451
63,CA-42,CA,"Calvert, Ken",(R),41.4,53.4,12,17.6,41.4,56.5,15.1,0,0.050048925,0.09229807,76504,0.353197261,0.25,19988,19.988,7.6504,19.22112771
64,CA-43,CA,"Waters, Maxine",(D),78.4,16.7,-61.7,-52.2,78,20,-58,0,0.221472302,0.099921415,54614,0.408188242,0.265,-1902,-1.902,5.4614,32.28303067
65,CA-44,CA,"Barragan, Nanette",(D),83,12.3,-70.7,-100,84.7,13.6,-71.1,0,0.152052343,0.146706625,50890,0.474147132,0.123,-5626,-5.626,5.089,34.12575914
66,CA-45,CA,"Walters, Mimi",(R),49.8,44.4,-5.4,17.2,43,54.8,11.8,0,0.016192371,0.116763777,97356,0.258810748,0.56,40840,40.84,9.7356,29.08607081
67,CA-46,CA,"Correa, Lou",(D),66.3,27.9,-38.4,-100,61.4,36.2,-25.2,0,0.017146017,0.144965562,61304,0.423887362,0.187,4788,4.788,6.1304,39.58596853
68,CA-47,CA,"Lowenthal, Alan",(D),62.6,31,-31.6,-27.4,60,37.5,-22.5,0,0.077102271,0.117110685,65450,0.37929619,0.32,8934,8.934,6.545,29.31020242
69,CA-48,CA,"Rohrabacher, Dana",(R),47.9,46.2,-1.7,16.6,43,54.7,11.7,0,0.013395681,0.105343663,88903,0.322302779,0.446,32387,32.387,8.8903,24.51065878
70,CA-49,CA,"Issa, Darrell",(R),50.7,43.2,-7.5,0.6,45.7,52.4,6.7,0,0.022474067,0.11443424,80877,0.309501422,0.44,24361,24.361,8.0877,17.88529628
71,CA-50,CA,"Hunter, Duncan",(R),39.6,54.6,15,27,37.6,60.4,22.8,0,0.03600669,0.087634357,71692,0.383894634,0.282,15176,15.176,7.1692,19.86169492
72,CA-51,CA,"Vargas, Juan",(D),71.8,22.8,-49,-45.6,69.4,28.9,-40.5,0,0.067850461,0.069458356,46639,0.491721557,0.141,-9877,-9.877,4.6639,34.38882658
73,CA-52,CA,"Peters, Scott",(D),58.1,35.6,-22.5,-13,52.1,45.7,-6.4,0,0.028604852,0.110664453,90854,0.248644823,0.574,34338,34.338,9.0854,22.87362249
74,CA-53,CA,"Davis, Susan",(D),64.5,29.6,-34.9,-34,61.4,36.4,-25,0,0.080888145,0.068168068,69314,0.328453096,0.378,12798,12.798,6.9314,23.75719211
75,CO-01,CO,"DeGette, Diana",(D),69,23.2,-45.8,-40.2,69,28.8,-40.2,0,0.086479185,0.049643042,62718,0.335969707,0.476,6202,6.202,6.2718,13.54123736
76,CO-02,CO,"Polis, Jared",(D),56.2,34.9,-21.3,-19.7,57.9,39.5,-18.4,0,0.009747719,0.082084081,75659,0.261753135,0.543,19143,19.143,7.5659,7.426537394
77,CO-03,CO,"Tipton, Scott",(R),40,52,12,14.3,45.8,51.8,6,0,0.009945551,0.050053879,50817,0.432202182,0.292,-5699,-5.699,5.0817,5.983723492
78,CO-04,CO,"Buck, Ken",(R),34.3,57.4,23.1,31.8,39.2,58.5,19.3,0,0.014355973,0.086318433,67878,0.311120428,0.349,11362,11.362,6.7878,8.353731171
79,CO-05,CO,"Lamborn, Doug",(R),33.2,57.2,24,31.4,38.3,59.1,20.8,0,0.058876228,0.060630505,62372,0.373892789,0.37,5856,5.856,6.2372,6.512957167
80,CO-06,CO,"Coffman, Mike",(R),50.2,41.3,-8.9,8.3,51.6,46.5,-5.1,0,0.094336538,0.059884577,76451,0.26371559,0.418,19935,19.935,7.6451,14.89196943
81,CO-07,CO,"Perlmutter, Ed",(D),51.4,39.4,-12,-15.4,56.1,41.3,-14.8,0,0.017940621,0.079515755,66063,0.329141496,0.325,9547,9.547,6.6063,11.64082799
82,CT-01,CT,"Larson, John",(D),59.4,36.3,-23.1,-30.3,63.3,35.6,-27.7,0,0.155205688,0.101120393,70215,0.359263818,0.368,13699,13.699,7.0215,14.65820585
83,CT-02,CT,"Courtney, Joe",(D),48.7,45.8,-2.9,-29.5,55.9,42.6,-13.3,0,0.04072144,0.118580861,74784,0.352958155,0.351,18268,18.268,7.4784,7.34319196
84,CT-03,CT,"DeLauro, Rosa",(D),55.9,40.4,-15.5,-38,62.6,36.3,-26.3,0,0.13995722,0.106383554,67774,0.358209039,0.362,11258,11.258,6.7774,13.54575396
85,CT-04,CT,"Himes, Jim",(D),59.6,36.6,-23,-19.8,55.1,44,-11.1,0,0.125872904,0.071014568,94862,0.312693119,0.488,38346,38.346,9.4862,22.37623708
86,CT-05,CT,"Esty, Elizabeth",(D),49.9,45.8,-4.1,-16,53.5,45.3,-8.2,0,0.066364408,0.122693761,68904,0.368104286,0.363,12388,12.388,6.8904,13.64675763
87,DE-AL,DE,"Blunt Rochester, Lisa",(D),53.4,41.9,-11.5,-14.5,58.6,40,-18.6,0,0.220479694,0.078821393,61757,0.371301849,0.31,5241,5.241,6.1757,9.389169857
88,FL-01,FL,"Gaetz, Matt",(R),28.2,67.5,39.3,38.2,30.1,68.5,38.4,0,0.13805793,0.055657718,53006,0.355942006,0.279,-3510,-3.51,5.3006,5.401268974
89,FL-02,FL,"Dunn, Neal",(R),30.6,66.2,35.6,37.4,34,64.6,30.6,0,0.127364946,0.055871285,46062,0.392206577,0.234,-10454,-10.454,4.6062,5.820370951
90,FL-03,FL,"Yoho, Ted",(R),40.2,56.2,16,16.8,41.9,56.6,14.7,0,0.155350176,0.054384711,45970,0.3632098,0.259,-10546,-10.546,4.597,7.787588377
91,FL-04,FL,"Rutherford, John",(R),34.1,62.1,28,42.6,32.8,66.1,33.3,0,0.088170096,0.047407863,68229,0.274757006,0.392,11713,11.713,6.8229,9.443759472
92,FL-05,FL,"Lawson, Al",(D),61.3,35.9,-25.4,-28.4,63.6,35.4,-28.2,0,0.47693404,0.041904628,40932,0.402794305,0.214,-15584,-15.584,4.0932,7.061753617
93,FL-06,FL,"DeSantis, Ron",(R),39.9,56.9,17,17.2,46.6,52.2,5.6,0,0.102592794,0.052056308,46882,0.428287299,0.239,-9634,-9.634,4.6882,7.858772165
94,FL-07,FL,"Murphy, Stephanie",(D),51.4,44.1,-7.3,-3,49.4,49.4,0,1,0.106607934,0.057146389,57146,0.265761902,0.378,630,0.63,5.7146,13.31293961
95,FL-08,FL,"Posey, Bill",(R),37.7,58.4,20.7,30.6,42.1,56.6,14.5,0,0.092872399,0.08936159,50752,0.431436891,0.29,-5764,-5.764,5.0752,9.59055922
96,FL-09,FL,"Soto, Darren",(D),54.8,41.9,-12.9,-15,55.6,43.4,-12.2,0,0.140865299,0.041565962,49899,0.369173541,0.246,-6617,-6.617,4.9899,16.44857479
97,FL-10,FL,"Demings, Val",(D),61.8,34.9,-26.9,-29.8,60.7,38.4,-22.3,0,0.282090904,0.04304327,50151,0.322504104,0.303,-6365,-6.365,5.0151,25.88853075
98,FL-11,FL,"Webster, Dan",(R),32.5,64.8,32.3,33.8,39.8,59.2,19.4,0,0.084468392,0.045875851,43610,0.54767305,0.206,-12906,-12.906,4.361,6.576020234
99,FL-12,FL,"Bilirakis, Gus",(R),38.8,57.4,18.6,37.2,45.5,53,7.5,0,0.048706593,0.052933451,49774,0.406379834,0.269,-6742,-6.742,4.9774,9.615738647
100,FL-13,FL,"Crist, Charlie",(D),49.6,46.4,-3.2,-3.8,54.6,43.9,-10.7,0,0.122678314,0.073496705,48519,0.408664746,0.278,-7997,-7.997,4.8519,11.59526253
101,FL-14,FL,"Castor, Kathy",(D),57.2,39,-18.2,-23.6,57.6,41.2,-16.4,0,0.196080876,0.048392801,51410,0.329178198,0.353,-5106,-5.106,5.141,20.31954575
102,FL-15,FL,"Ross, Dennis",(R),43.1,53.1,10,15,46.6,52.2,5.6,0,0.1390403,0.058064443,53784,0.355242915,0.258,-2732,-2.732,5.3784,11.43123822
103,FL-16,FL,"Buchanan, Vern",(R),43,53.7,10.7,19.6,45.1,53.7,8.6,0,0.077394599,0.058504969,55447,0.402021745,0.307,-1069,-1.069,5.5447,13.54078765
104,FL-17,FL,"Rooney, Tom",(R),35,62.2,27.2,27.6,41.3,57.6,16.3,0,0.075173992,0.046454404,45508,0.503269998,0.213,-11008,-11.008,4.5508,11.2668557
105,FL-18,FL,"Mast, Brian",(R),44.1,53.3,9.2,10.5,47.7,51.4,3.7,1,0.124461341,0.049574147,54913,0.396458168,0.305,-1603,-1.603,5.4913,15.21429745
106,FL-19,FL,"Rooney, Francis",(R),37.5,59.6,22.1,31.8,38.7,60.5,21.8,0,0.079925488,0.031399193,54812,0.430982326,0.323,-1704,-1.704,5.4812,16.90899401
107,FL-20,FL,"Hastings, Alcee",(D),80.2,18.1,-62.1,-60.6,82.5,17.1,-65.4,0,0.529877766,0.053313343,43677,0.34917458,0.197,-12839,-12.839,4.3677,35.05306303
108,FL-21,FL,"Frankel, Lois",(D),58.6,39.1,-19.5,-27.6,60.4,38.9,-21.5,0,0.161756579,0.037985993,55864,0.395271536,0.343,-652,-0.652,5.5864,26.8626657
109,FL-22,FL,"Deutch, Ted",(D),56.8,41,-15.8,-17.8,56.3,43,-13.3,0,0.158393474,0.052165267,60159,0.330682266,0.379,3643,3.643,6.0159,26.95941353
110,FL-23,FL,"Wasserman Schultz, Debbie",(D),61.9,35.8,-26.1,-16.2,61.4,38,-23.4,0,0.134059359,0.041434659,61513,0.272261853,0.386,4997,4.997,6.1513,35.76664349
111,FL-24,FL,"Wilson, Frederica",(D),82.9,15.4,-67.5,-100,85.7,13.9,-71.8,0,0.487038835,0.03564336,38441,0.384348535,0.194,-18075,-18.075,3.8441,42.53172257
112,FL-25,FL,"Diaz-Balart, Mario",(R),47.9,49.7,1.8,-24.8,44.9,54.5,9.6,0,0.046184792,0.063059165,46247,0.381020942,0.227,-10269,-10.269,4.6247,58.22953061
113,FL-26,FL,"Curbelo, Carlos",(R),56.8,40.5,-16.3,-11.8,55.4,43.9,-11.5,0,0.112436867,0.033362282,54453,0.348679944,0.272,-2063,-2.063,5.4453,47.78528833
114,FL-27,FL,"Ros-Lehtinen, Ileana",(R),58.5,38.9,-19.6,-9.8,53,46.3,-6.7,0,0.052117063,0.035526505,51958,0.308302917,0.375,-4558,-4.558,5.1958,54.97604575
115,GA-01,GA,"Carter, Buddy",(R),40.9,56.4,15.5,100,43,55.9,12.9,0,0.296618504,0.092937955,50931,0.350708521,0.25,-5585,-5.585,5.0931,4.713745553
116,GA-02,GA,"Bishop, Sanford",(D),55,43.3,-11.7,-22.4,58.6,40.8,-17.8,0,0.518609314,0.121313652,35617,0.428908401,0.176,-20899,-20.899,3.5617,3.580545159
117,GA-03,GA,"Ferguson, Drew",(R),32.8,64.3,31.5,36.6,33,65.9,32.9,0,0.246509365,0.141550049,56240,0.301502675,0.265,-276,-0.276,5.624,5.315904139
118,GA-04,GA,"Johnson, Hank",(D),75.3,22.2,-53.1,-51.4,73.6,25.6,-48,0,0.592895132,0.076700908,51686,0.328102251,0.298,-4830,-4.83,5.1686,15.9693356
119,GA-05,GA,"Lewis, John",(D),85,11.9,-73.1,-68.8,83.1,15.8,-67.3,0,0.57699894,0.055188784,48269,0.301499779,0.42,-8247,-8.247,4.8269,9.118772307
120,GA-06,GA,"Handel, Karen",(R),46.8,48.3,1.5,23.4,37.5,60.8,23.3,0,0.149295506,0.062453865,87139,0.192182985,0.606,30623,30.623,8.7139,21.78096941
121,GA-07,GA,"Woodall, Rob",(R),44.8,51.1,6.3,20.8,38.3,60.2,21.9,0,0.210823635,0.09336967,72481,0.215102465,0.396,15965,15.965,7.2481,25.24953663
122,GA-08,GA,"Scott, Austin",(R),34.4,63.3,28.9,35.2,37.5,61.6,24.1,0,0.308867102,0.10483651,44360,0.376504666,0.218,-12156,-12.156,4.436,4.111487267
123,GA-09,GA,"Collins, Doug",(R),19.3,77.8,58.5,100,20.5,78.1,57.6,0,0.071919302,0.176517011,50154,0.357693689,0.216,-6362,-6.362,5.0154,7.645009
124,GA-10,GA,"Hice, Jodi",(R),35.8,61.3,25.5,100,36.3,62.5,26.2,0,0.248633784,0.111657589,51532,0.316095211,0.267,-4984,-4.984,5.1532,6.146488569
125,GA-11,GA,"Loudermilk, Barry",(R),35.3,60.3,25,34.8,31.5,66.9,35.4,0,0.16482287,0.091506346,69610,0.226134897,0.41,13094,13.094,6.961,12.30266533
126,GA-12,GA,"Allen, Rick",(R),40.7,56.9,16.2,23.2,43.6,55.4,11.8,0,0.356144006,0.106941968,43933,0.367166862,0.209,-12583,-12.583,4.3933,4.596858202
127,GA-13,GA,"Scott, David",(D),71,26.6,-44.4,-100,69.2,30,-39.2,0,0.595701256,0.062125042,57342,0.319864019,0.296,826,0.826,5.7342,10.62156099
128,GA-14,GA,"Graves, Tom",(R),22.1,75,52.9,100,25.3,73.2,47.9,0,0.095446762,0.217134264,48691,0.341933523,0.181,-7825,-7.825,4.8691,7.181177624
129,HI-01,HI,"Hanabusa, Colleen",(D),63.1,30.5,-32.6,-49.2,69.7,29,-40.7,0,0.020904429,0.030463444,78180,0.312101489,0.36,21664,21.664,7.818,22.34872987
130,HI-02,HI,"Gabbard, Tulsi",(D),61.4,29.6,-31.8,-62.4,71.4,26.7,-44.7,0,0.015412932,0.026195835,70867,0.368161062,0.278,14351,14.351,7.0867,14.48516459
131,IA-01,IA,"Blum, Rod",(R),45.2,48.7,3.5,7.6,56.2,42.5,-13.7,0,0.038418538,0.175509879,57402,0.339983051,0.271,886,0.886,5.7402,3.901386237
132,IA-02,IA,"Loebsack, David",(D),45,49.1,4.1,-7.4,55.8,42.7,-13.1,0,0.044579724,0.167023588,52150,0.36058447,0.285,-4366,-4.366,5.215,4.799965082
133,IA-03,IA,"Young, David",(R),45,48.5,3.5,13.7,51.4,47.2,-4.2,1,0.04295689,0.08146081,62323,0.328867352,0.331,5807,5.807,6.2323,6.517433945
134,IA-04,IA,"King, Steve",(R),33.5,60.9,27.4,22.6,45.3,53.4,8.1,0,0.015933971,0.150976786,53335,0.354936288,0.247,-3181,-3.181,5.3335,5.128582679
135,ID-01,ID,"Labrador, Raul",(R),25.4,63.7,38.3,36.4,32.2,64.9,32.7,0,0.004416264,0.104022518,52199,0.337017986,0.254,-4317,-4.317,5.2199,4.11143927
136,ID-02,ID,"Simpson, Mike",(R),29.8,54.5,24.7,33.5,33.1,64.1,31,0,0.009308611,0.095618145,51294,0.315011895,0.301,-5222,-5.222,5.1294,7.62467894
137,IL-01,IL,"Rush, Bobby",(D),75.4,21.4,-54,-48.2,79,20.2,-58.8,0,0.500013016,0.077647066,50523,0.405493804,0.289,-5993,-5.993,5.0523,7.50715139
138,IL-02,IL,"Kelly, Robin",(D),78,19.1,-58.9,-59.6,80.7,18.5,-62.2,0,0.569608232,0.095833536,48417,0.443969273,0.233,-8099,-8.099,4.8417,7.473137634
139,IL-03,IL,"Lipinski, Dan",(D),55.2,39.9,-15.3,-100,55.9,42.6,-13.3,0,0.052729114,0.107322318,66270,0.343445577,0.269,9754,9.754,6.627,20.98886161
140,IL-04,IL,"Gutierrez, Luis",(D),82.1,13.2,-68.9,-100,80.9,17.1,-63.8,0,0.037524205,0.144226887,51383,0.363531296,0.245,-5133,-5.133,5.1383,33.49124872
141,IL-05,IL,"Quigley, Mike",(D),70.5,23.9,-46.6,-40.3,66,31.8,-34.2,0,0.025151616,0.076577012,80269,0.218568598,0.547,23753,23.753,8.0269,22.0428465
142,IL-06,IL,"Roskam, Peter",(R),50.2,43.2,-7,18.4,45.1,53.3,8.2,0,0.026453539,0.117794421,97387,0.221633076,0.522,40871,40.871,9.7387,14.70990125
143,IL-07,IL,"Davis, Danny",(D),87.4,9.2,-78.2,-68.4,87.2,11.8,-75.4,0,0.471697253,0.076046952,54147,0.420189593,0.407,-2369,-2.369,5.4147,13.788199
144,IL-08,IL,"Krishnamoorthi, Raja",(D),58.1,36.4,-21.7,-16.6,57.4,40.9,-16.5,0,0.046446797,0.154773851,67745,0.304541615,0.326,11229,11.229,6.7745,28.17917243
145,IL-09,IL,"Schakowsky, Jan",(D),70.1,24.9,-45.2,-33,65,33.3,-31.7,0,0.100400375,0.076100315,67084,0.304184287,0.532,10568,10.568,6.7084,25.31726861
146,IL-10,IL,"Schneider, Brad",(D),62,32.6,-29.4,-5.2,57.5,41.1,-16.4,0,0.068042949,0.147127554,74971,0.279441723,0.441,18455,18.455,7.4971,24.5297702
147,IL-11,IL,"Foster, Bill",(D),58.9,35.4,-23.5,-20.8,57.8,40.6,-17.2,0,0.106242471,0.12165792,72198,0.288768683,0.36,15682,15.682,7.2198,18.39461724
148,IL-12,IL,"Bost, Mike",(R),40.2,55,14.8,14.6,49.7,48.2,-1.5,1,0.169746128,0.112539758,47430,0.422651544,0.24,-9086,-9.086,4.743,2.7831913
149,IL-13,IL,"Davis, Rodney",(R),44.2,49.7,5.5,19.4,48.6,48.9,0.3,1,0.110600412,0.099331247,49758,0.350061024,0.302,-6758,-6.758,4.9758,5.027110866
150,IL-14,IL,"Hultgren, Randy",(R),44.8,48.7,3.9,18.6,44.2,54.2,10,0,0.035097916,0.148360599,90345,0.23497744,0.421,33829,33.829,9.0345,10.06264284
151,IL-15,IL,"Shimkus, John",(R),24.5,70.7,46.2,100,34.1,63.9,29.8,0,0.044774884,0.154308496,49927,0.401040976,0.202,-6589,-6.589,4.9927,1.668691269
152,IL-16,IL,"Kinzinger, Adam",(R),38.3,55.5,17.2,100,45.2,52.9,7.7,0,0.034190506,0.170260302,57182,0.367963687,0.222,666,0.666,5.7182,4.915275916
153,IL-17,IL,"Bustos, Cheri",(D),46.7,47.4,0.7,-20.6,57.6,40.6,-17,0,0.116819442,0.168799825,45360,0.442931688,0.187,-11156,-11.156,4.536,4.532618068
154,IL-18,IL,"LaHood, Darin",(R),33.3,60.6,27.3,44.2,37.4,60.7,23.3,0,0.040982504,0.123215388,60857,0.331565351,0.317,4341,4.341,6.0857,4.023818268
155,IN-01,IN,"Visclosky, Pete",(D),54.1,41.5,-12.6,-100,61.2,37.4,-23.8,0,0.18738184,0.169848712,56370,0.35625949,0.226,-146,-0.146,5.637,5.677441647
156,IN-02,IN,"Walorski, Jackie",(R),36.1,59.3,23.2,22.4,42.1,56.1,14,0,0.069684833,0.277312467,51292,0.341255437,0.208,-5224,-5.224,5.1292,5.92602823
157,IN-03,IN,"Banks, Jim",(R),30.1,65.1,35,47.1,35.7,62.5,26.8,0,0.063424841,0.267488356,51453,0.331312307,0.229,-5063,-5.063,5.1453,4.524208996
158,IN-04,IN,"Rokita, Todd",(R),30.2,64.3,34.1,34.1,36.9,60.9,24,0,0.044895594,0.191360267,53996,0.305198864,0.26,-2520,-2.52,5.3996,5.785602811
159,IN-05,IN,"Brooks, Susan",(R),41.3,53.1,11.8,27.2,40.7,57.5,16.8,0,0.073589429,0.129703065,67461,0.269591,0.45,10945,10.945,6.7461,6.22934051
160,IN-06,IN,"Messer, Luke",(R),27.4,67.7,40.3,42.4,37.3,60.4,23.1,0,0.026940732,0.216975717,51033,0.341275132,0.207,-5483,-5.483,5.1033,2.774971692
161,IN-07,IN,"Carson, Andre",(D),59,36.2,-22.8,-24.3,62.9,35.4,-27.5,0,0.306209534,0.105033805,41429,0.40034367,0.235,-15087,-15.087,4.1429,9.743012478
162,IN-08,IN,"Bucshon, Larry",(R),30.9,64.6,33.7,32,39.6,58.4,18.8,0,0.039098892,0.200498865,50261,0.346059324,0.213,-6255,-6.255,5.0261,2.489303068
163,IN-09,IN,"Hollingsworth, Trey",(R),34.2,61.1,26.9,13.6,40.7,57.2,16.5,0,0.025558812,0.151467826,55078,0.311060893,0.263,-1438,-1.438,5.5078,4.009471066
164,KS-01,KS,"Marshall, Roger",(R),24.3,69.3,45,100,27.6,70.1,42.5,0,0.030178879,0.133849359,48156,0.303471328,0.239,-8360,-8.36,4.8156,8.00618011
165,KS-02,KS,"Jenkins, Lynn",(R),37.4,55.8,18.4,28.3,42,55.6,13.6,0,0.049069421,0.123078037,51778,0.321463492,0.292,-4738,-4.738,5.1778,3.078020142
166,KS-03,KS,"Yoder, Kevin",(R),47.2,46,-1.2,10.7,44.3,53.8,9.5,0,0.082503704,0.087534725,71562,0.244575448,0.474,15046,15.046,7.1562,10.49451431
167,KS-04,KS,"Estes, Ron",(R),33,60.2,27.2,31.1,36.1,61.6,25.5,0,0.065479716,0.17007254,52054,0.300729381,0.295,-4462,-4.462,5.2054,6.506595298
168,KY-01,KY,"Comer, James",(R),23.9,72.4,48.5,45.2,32.1,66.4,34.3,0,0.076341121,0.185056406,40253,0.466939494,0.157,-16263,-16.263,4.0253,1.574667114
169,KY-02,KY,"Guthrie, Brett",(R),27.6,67.5,39.9,100,35.1,63.3,28.2,0,0.058423746,0.182892005,49960,0.401150405,0.209,-6556,-6.556,4.996,3.275639862
170,KY-03,KY,"Yarmuth, John",(D),54.9,39.9,-15,-27,55.7,42.8,-12.9,0,0.220597684,0.121428783,51070,0.391973914,0.309,-5446,-5.446,5.107,6.75944173
171,KY-04,KY,"Massie, Thomas",(R),29.3,65.2,35.9,42.6,34.8,63.4,28.6,0,0.034478371,0.143813896,60912,0.36233351,0.283,4396,4.396,6.0912,2.849164084
172,KY-05,KY,"Rogers, Hal",(R),17.5,79.6,62.1,100,23.2,75,51.8,0,0.015052999,0.119731935,30585,0.58419841,0.124,-25931,-25.931,3.0585,0.880686463
173,KY-06,KY,"Barr, Andy",(R),39.4,54.7,15.3,22.2,42.2,55.8,13.6,0,0.087805369,0.14063222,50659,0.388796689,0.317,-5857,-5.857,5.0659,5.507248648
174,LA-01,LA,"Scalise, Steve",(R),26.7,68.7,42,68.5,26.9,70.9,44,0,0.140180751,0.059082575,56938,0.35220561,0.303,422,0.422,5.6938,6.276114694
175,LA-02,LA,"Richmond, Cedric",(D),74.6,22.2,-52.4,-100,75.8,22.8,-53,0,0.619379346,0.06683404,36798,0.446670103,0.234,-19718,-19.718,3.6798,6.53933038
176,LA-03,LA,"Higgins, Clay",(R),29.2,67.3,38.1,100,32.3,66.1,33.8,0,0.251011218,0.079110479,44668,0.391357225,0.21,-11848,-11.848,4.4668,2.805064619
177,LA-04,LA,"Johnson, Mike",(R),36.6,60.6,24,30,39.7,59,19.3,0,0.34917636,0.076210976,39748,0.428603737,0.199,-16768,-16.768,3.9748,2.448946535
178,LA-05,LA,"Abraham, Ralph",(R),34.1,63.5,29.4,100,37.7,61,23.3,0,0.345893258,0.073901584,36718,0.449072741,0.168,-19798,-19.798,3.6718,1.612041063
179,LA-06,LA,"Graves, Garret",(R),31,64.8,33.8,48.9,32,66.1,34.1,0,0.240769724,0.090812173,59270,0.315212117,0.279,2754,2.754,5.927,4.398905188
180,MA-01,MA,"Neal, Richard",(D),57.2,36.5,-20.7,-100,64,34.3,-29.7,0,0.062550905,0.111415103,55716,0.455376584,0.297,-800,-0.8,5.5716,6.996355379
181,MA-02,MA,"McGovern, Jim",(D),56.2,36.8,-19.4,-100,58.7,39.2,-19.5,0,0.052044709,0.104671352,64868,0.354758315,0.384,8352,8.352,6.4868,11.69644502
182,MA-03,MA,"Tsongas, Niki",(D),58.2,35.4,-22.8,-37.6,56.9,41.4,-15.5,0,0.036764175,0.136237007,77995,0.371835947,0.374,21479,21.479,7.7995,18.25643275
183,MA-04,MA,"Kennedy, Joe",(D),59.2,35,-24.2,-40.4,57.1,41.3,-15.8,0,0.034684713,0.097313374,98530,0.283497644,0.51,42014,42.014,9.853,12.9022407
184,MA-05,MA,"Clark, Katherine",(D),69.3,25.7,-43.6,-100,65.2,33.1,-32.1,0,0.051102198,0.074866513,92268,0.300808001,0.574,35752,35.752,9.2268,24.11992123
185,MA-06,MA,"Moulton, Seth",(D),56.1,38.2,-17.9,-100,54.7,43.9,-10.8,0,0.038134697,0.095775731,84913,0.338559913,0.44,28397,28.397,8.4913,13.15799089
186,MA-07,MA,"Capuano, Mike",(D),84.1,11.9,-72.2,-100,82.5,15.6,-66.9,0,0.264647261,0.048157159,60873,0.401933825,0.429,4357,4.357,6.0873,32.81825731
187,MA-08,MA,"Lynch, Stephen",(D),60.4,34.4,-26,-45,57.8,40.8,-17,0,0.097078596,0.054119525,82333,0.346404502,0.468,25817,25.817,8.2333,18.52660744
188,MA-09,MA,"Keating, Bill",(D),52.5,41.8,-10.7,-22.1,55.5,43.1,-12.4,0,0.025133029,0.067051129,68173,0.436401158,0.359,11657,11.657,6.8173,8.918036597
189,MD-01,MD,"Harris, Andy",(R),33.4,62,28.6,38.4,37.7,60.4,22.7,0,0.121185715,0.065662949,69254,0.364278942,0.306,12738,12.738,6.9254,5.551869928
190,MD-02,MD,"Ruppersberger, Dutch",(D),60.1,35.7,-24.4,-29,63.1,35,-28.1,0,0.341729111,0.053841298,69128,0.346162752,0.334,12612,12.612,6.9128,12.01231979
191,MD-03,MD,"Sarbanes, John",(D),62.8,32.3,-30.5,-29.4,60.7,37.1,-23.6,0,0.221950466,0.043169685,83620,0.294937583,0.472,27104,27.104,8.362,16.33153006
192,MD-04,MD,"Brown, Anthony",(D),77.2,19.7,-57.5,-52.7,78.1,20.8,-57.3,0,0.523138412,0.031741738,79350,0.310347225,0.34,22834,22.834,7.935,19.83795695
193,MD-05,MD,"Hoyer, Steny",(D),64.1,32.1,-32,-38.1,66.1,32.4,-33.7,0,0.387256097,0.029881462,95442,0.279272769,0.337,38926,38.926,9.5442,11.11579652
194,MD-06,MD,"Delaney, John",(D),55.3,40.2,-15.1,-15.9,55.2,42.8,-12.4,0,0.14203927,0.054580162,75774,0.313100636,0.415,19258,19.258,7.5774,21.25390394
195,MD-07,MD,"Cummings, Elijah",(D),75.8,20.2,-55.6,-53.2,76.2,22.3,-53.9,0,0.529113311,0.042376115,61392,0.387750748,0.378,4876,4.876,6.1392,11.81218825
196,MD-08,MD,"Raskin, Jamie",(D),65,30.6,-34.4,-26.4,62,36,-26,0,0.124779434,0.029093393,98991,0.262364295,0.556,42475,42.475,9.8991,24.26737846
197,ME-01,ME,"Pingree, Chellie",(D),54.1,39.3,-14.8,-16,59.6,38.2,-21.4,0,0.018276604,0.087709683,61173,0.32470497,0.369,4657,4.657,6.1173,4.628603965
198,ME-02,ME,"Poliquin, Bruce",(R),41.1,51.4,10.3,9.6,52.9,44.4,-8.5,0,0.011605124,0.081749811,46638,0.405290183,0.23,-9878,-9.878,4.6638,2.971247371
199,MI-01,MI,"Bergman, Jack",(R),36.6,57.9,21.3,14.8,45.3,53.6,8.3,0,0.013608797,0.113564246,46927,0.449515729,0.246,-9589,-9.589,4.6927,2.082413192
200,MI-02,MI,"Huizenga, Bill",(R),38.2,55.8,17.6,30.1,43.1,56,12.9,0,0.064507834,0.2303574,52919,0.370992026,0.238,-3597,-3.597,5.2919,5.742722443
201,MI-03,MI,"Amash, Justin",(R),42.2,51.6,9.4,22,45.8,53.1,7.3,0,0.079820833,0.191196889,57926,0.355060432,0.314,1410,1.41,5.7926,5.390543853
202,MI-04,MI,"Moolenaar, John",(R),34.7,59.5,24.8,29.5,45.5,53.5,8,0,0.017352214,0.171163112,48434,0.402706707,0.219,-8082,-8.082,4.8434,1.896537694
203,MI-05,MI,"Kildee, Dan",(D),49.7,45.5,-4.2,-26.1,60.7,38.3,-22.4,0,0.174216693,0.168146655,42800,0.479004084,0.19,-13716,-13.716,4.28,2.127912541
204,MI-06,MI,"Upton, Fred",(R),42.9,51.3,8.4,22.3,48.8,50.2,1.4,1,0.07965924,0.217586323,51477,0.378793203,0.28,-5039,-5.039,5.1477,4.611240737
205,MI-07,MI,"Walberg, Tim",(R),38.7,55.7,17,15.1,47.9,51,3.1,1,0.043642998,0.205936984,56427,0.361090084,0.246,-89,-0.089,5.6427,2.833592255
206,MI-08,MI,"Bishop, Mike",(R),43.9,50.6,6.7,16.8,48,51.1,3.1,1,0.056695567,0.164444203,66495,0.289583085,0.406,9979,9.979,6.6495,8.379336465
207,MI-09,MI,"Levin, Sander",(D),51.5,43.7,-7.8,-20.5,57.2,41.9,-15.3,0,0.141797772,0.190402686,56582,0.366614623,0.303,66,0.066,5.6582,11.47596084
208,MI-10,MI,"Mitchell, Paul",(R),31.6,63.8,32.2,30.8,43.7,55.3,11.6,0,0.024580233,0.222885382,60934,0.348827848,0.23,4418,4.418,6.0934,5.797409632
209,MI-11,MI,"Trott, Dave",(R),45.3,49.7,4.4,12.7,46.9,52.3,5.4,0,0.050348715,0.200726206,79805,0.255078088,0.466,23289,23.289,7.9805,13.58978558
210,MI-12,MI,"Dingell, Debbie",(D),60.8,34.5,-26.3,-35,66.2,32.8,-33.4,0,0.108908419,0.160954709,55506,0.353359182,0.34,-1010,-1.01,5.5506,11.9457454
211,MI-13,MI,Conyers,(D),78.8,18.1,-60.7,-61.4,85.2,14.3,-70.9,0,0.549201605,0.155606574,33995,0.545686426,0.147,-22521,-22.521,3.3995,7.464803921
212,MI-14,MI,"Lawrence, Brenda",(D),79.2,18.3,-60.9,-59.8,81,18.6,-62.4,0,0.561297948,0.160376335,42695,0.483590143,0.308,-13821,-13.821,4.2695,9.601726948
213,MN-01,MN,"Walz, Tim",(D),38.4,53.3,14.9,-0.8,49.6,48.2,-1.4,1,0.030438048,0.158734261,60424,0.33595297,0.28,3908,3.908,6.0424,6.040317364
214,MN-02,MN,"Lewis, Jason",(R),45.3,46.5,1.2,1.8,49.1,49,-0.1,1,0.045065861,0.120357901,80128,0.258451337,0.385,23612,23.612,8.0128,8.22104235
215,MN-03,MN,"Paulsen, Erik",(R),50.8,41.4,-9.4,13.8,49.6,48.8,-0.8,1,0.082496838,0.137924362,84689,0.26636239,0.49,28173,28.173,8.4689,12.31641936
216,MN-04,MN,"McCollum, Betty",(D),61.5,30.6,-30.9,-23.4,62.5,35.5,-27,0,0.097611377,0.13046149,66175,0.35515899,0.422,9659,9.659,6.6175,14.27775926
217,MN-05,MN,"Ellison, Keith",(D),73.7,18.5,-55.2,-46.9,73.5,24,-49.5,0,0.166353614,0.107365257,59115,0.34538219,0.445,2599,2.599,5.9115,14.89827449
218,MN-06,MN,"Emmer, Tom",(R),33.2,58.9,25.7,31.4,41.5,56.5,15,0,0.029092031,0.162166984,77049,0.260024882,0.295,20533,20.533,7.7049,4.346939947
219,MN-07,MN,"Peterson, Collin",(D),31,61.8,30.8,-0.5,44.1,53.9,9.8,0,0.010816572,0.158011333,52620,0.394098699,0.218,-3896,-3.896,5.262,2.790813249
220,MN-08,MN,"Nolan, Rick",(D),38.6,54.2,15.6,-0.6,51.7,46.2,-5.5,0,0.010405312,0.109508022,53676,0.417473418,0.23,-2840,-2.84,5.3676,1.833007727
221,MO-01,MO,"Clay, Lacy",(D),77,18.8,-58.2,-55.5,79.9,18.9,-61,0,0.489989258,0.096290698,45172,0.330239021,0.318,-11344,-11.344,4.5172,5.858772657
222,MO-02,MO,"Wagner, Ann",(R),42.3,52.6,10.3,20.8,41.4,57.1,15.7,0,0.041125507,0.108470508,79724,0.232020498,0.492,23208,23.208,7.9724,8.05554682
223,MO-03,MO,"Luetkemeyer, Blaine",(R),28.1,67.1,39,39.9,36.1,62,25.9,0,0.03374596,0.12565996,61929,0.271047122,0.264,5413,5.413,6.1929,1.843101576
224,MO-04,MO,"Hartzler, Vicki",(R),29.3,65.3,36,40,36.4,61.2,24.8,0,0.046711994,0.120702314,48065,0.338861976,0.239,-8451,-8.451,4.8065,3.457853149
225,MO-05,MO,"Cleaver, Emanuel",(D),54.1,40.6,-13.5,-20.6,58.9,39.4,-19.5,0,0.223179193,0.101538096,48693,0.317505804,0.282,-7823,-7.823,4.8693,5.742655459
226,MO-06,MO,"Graves, Sam",(R),31.7,63.1,31.4,39.6,37.9,60,22.1,0,0.038710576,0.133704788,58532,0.282847735,0.286,2016,2.016,5.8532,3.114166573
227,MO-07,MO,"Long, Billy",(R),24.7,70.4,45.7,40.1,30.3,67.6,37.3,0,0.018607083,0.115240366,44619,0.344772352,0.232,-11897,-11.897,4.4619,3.301501701
228,MO-08,MO,"Smith, Jason",(R),21,75.4,54.4,51.7,32,65.9,33.9,0,0.046764167,0.138559507,40639,0.411754922,0.15,-15877,-15.877,4.0639,1.412046313
229,MS-01,MS,"Kelly, Trent",(R),32.4,65.4,33,40.8,37,61.9,24.9,0,0.280768833,0.185529173,43194,0.360560223,0.207,-13322,-13.322,4.3194,1.778669315
230,MS-02,MS,"Thompson, Bennie",(D),63.6,35.1,-28.5,-38,66.4,33,-33.4,0,0.66603722,0.128114383,34392,0.46990118,0.193,-22124,-22.124,3.4392,1.116713013
231,MS-03,MS,"Harper, Gregg",(R),36.8,61.3,24.5,35.8,39.1,60,20.9,0,0.357939505,0.102028947,45115,0.373796568,0.259,-11401,-11.401,4.5115,2.197058871
232,MS-04,MS,"Palazzo, Steven",(R),28.2,69.4,41.2,37.2,31.2,67.6,36.4,0,0.236339026,0.118255461,45192,0.379456856,0.211,-11324,-11.324,4.5192,2.708484239
233,MT-AL,MT,"Gianforte, Greg",(R),35.9,56.5,20.6,15.7,41.7,55.4,13.7,0,0.003787937,0.043038603,50027,0.377784158,0.31,-6489,-6.489,5.0027,2.100007674
234,NC-01,NC,"Butterfield, G.K.",(D),67.5,30.5,-37,-39.6,68.1,31.2,-36.9,0,0.449273469,0.123947506,40895,0.398084894,0.277,-15621,-15.621,4.0895,7.246647243
235,NC-02,NC,"Holding, George",(R),43.6,53.2,9.6,13.4,43,56,13,0,0.201071108,0.113959946,65792,0.287268187,0.362,9276,9.276,6.5792,7.197471884
236,NC-03,NC,"Jones, Walter",(R),36.9,60.5,23.6,34.4,40.6,58.5,17.9,0,0.196663353,0.091338412,47565,0.384303193,0.228,-8951,-8.951,4.7565,3.948697554
237,NC-04,NC,"Price, David",(D),68.2,28.2,-40,-36.4,64.5,34.2,-30.3,0,0.219494659,0.076212952,70587,0.222982108,0.545,14071,14.071,7.0587,15.42633572
238,NC-05,NC,"Foxx, Virginia",(R),39.8,57.4,17.6,16.8,42.3,56.5,14.2,0,0.146865416,0.143108827,45001,0.360446829,0.263,-11515,-11.515,4.5001,6.237354106
239,NC-06,NC,"Walker, Mark",(R),41.4,56.1,14.7,18.4,43.2,55.9,12.7,0,0.201426081,0.168088847,47335,0.367526663,0.246,-9181,-9.181,4.7335,7.121629463
240,NC-07,NC,"Rouzer, David",(R),39.9,57.6,17.7,21.8,43.2,55.9,12.7,0,0.189959023,0.104551951,45002,0.406258064,0.249,-11514,-11.514,4.5002,5.672939181
241,NC-08,NC,"Hudson, Richard",(R),41.1,56.1,15,17.6,44.4,54.7,10.3,0,0.234366108,0.111842285,50570,0.362280349,0.265,-5946,-5.946,5.057,6.169294951
242,NC-09,NC,"Pittenger, Robert",(R),42.8,54.4,11.6,16.4,43.8,55.4,11.6,0,0.194536255,0.123193001,55913,0.328102915,0.338,-603,-0.603,5.5913,7.180558963
243,NC-10,NC,"McHenry, Patrick",(R),36.4,61,24.6,26.2,40.4,58.5,18.1,0,0.116940746,0.159097965,46508,0.374105738,0.246,-10008,-10.008,4.6508,4.736435303
244,NC-11,NC,"Meadows, Mark",(R),34,63.2,29.2,28.2,39.1,59.6,20.5,0,0.034669296,0.151434346,43855,0.429426656,0.24,-12661,-12.661,4.3855,4.088730344
245,NC-12,NC,"Adams, Alma",(D),68.4,28.4,-40,-34,67.8,31.3,-36.5,0,0.375432239,0.077001924,59268,0.271709343,0.398,2752,2.752,5.9268,16.25417816
246,NC-13,NC,"Budd, Ted",(R),44,53.4,9.4,12.2,46.1,52.9,6.8,0,0.217244436,0.170497951,47440,0.356013151,0.27,-9076,-9.076,4.744,8.059483503
247,ND-AL,ND,"Cramer, Kevin",(R),27.7,64.1,36.4,45.4,38.9,58.7,19.8,0,0.025397353,0.066097322,60656,0.260436475,0.296,4140,4.14,6.0656,3.244000617
248,NE-01,NE,"Fortenberry, Jeff",(R),36.2,57.5,21.3,39,40.8,57.4,16.6,0,0.03055952,0.110504637,58537,0.266171201,0.325,2021,2.021,5.8537,6.976627734
249,NE-02,NE,"Bacon, Don",(R),46,48.2,2.2,1.2,45.7,52.9,7.2,0,0.096101896,0.084596003,62621,0.24717699,0.392,6105,6.105,6.2621,8.58832142
250,NE-03,NE,"Smith, Adrian",(R),20,74.9,54.9,100,27.8,70.2,42.4,0,0.011225421,0.12245424,50985,0.308825081,0.222,-5531,-5.531,5.0985,5.399669811
251,NH-01,NH,"Shea-Porter, Carol",(D),46.6,48.2,1.6,-1.3,50.2,48.6,-1.6,1,0.012815187,0.126104192,71277,0.300876258,0.372,14761,14.761,7.1277,5.575432719
252,NH-02,NH,"Kuster, Annie",(D),48.6,46.2,-2.4,-4.5,54.2,44.5,-9.7,0,0.012159778,0.117966489,70524,0.325005589,0.359,14008,14.008,7.0524,5.860186679
253,NJ-01,NJ,"Norcross, Donald",(D),60.6,36.1,-24.5,-23.2,65.1,33.8,-31.3,0,0.169802659,0.071620392,68208,0.353720547,0.304,11692,11.692,6.8208,9.786564872
254,NJ-02,NJ,"LoBiondo, Frank",(R),46,50.6,4.6,22,53.5,45.4,-8.1,0,0.121537416,0.072559991,60756,0.38468419,0.258,4240,4.24,6.0756,10.49961598
255,NJ-03,NJ,"MacArthur, Tom",(R),45.2,51.4,6.2,20.4,51.8,47.2,-4.6,1,0.108170113,0.066702424,74537,0.32790851,0.339,18021,18.021,7.4537,9.128479808
256,NJ-04,NJ,"Smith, Chris",(R),41,55.8,14.8,30.2,44.7,54.2,9.5,0,0.067908958,0.063985847,78511,0.341935173,0.396,21995,21.995,7.8511,11.94795545
257,NJ-05,NJ,"Gottheimer, Josh",(D),47.7,48.8,1.1,-4.4,47.9,51,3.1,1,0.053904814,0.086602804,100219,0.237774294,0.477,43703,43.703,10.0219,20.24176667
258,NJ-06,NJ,"Pallone, Frank",(D),56.2,40.6,-15.6,-28.8,61.4,37.4,-24,1,0.100232004,0.088162749,79229,0.270045062,0.389,22713,22.713,7.9229,29.47873122
259,NJ-07,NJ,"Lance, Leonard",(R),48.6,47.5,-1.1,11,46.3,52.5,6.2,0,0.049726119,0.106086106,106896,0.221994035,0.513,50380,50.38,10.6896,19.08997773
260,NJ-08,NJ,"Sires, Albio",(D),75.7,21.5,-54.2,-58.5,78.3,20.7,-57.6,0,0.103130694,0.07887711,57391,0.338685292,0.331,875,0.875,5.7391,44.47124094
261,NJ-09,NJ,"Pascrell, Bill",(D),64.3,33.1,-31.2,-41.7,68.3,30.8,-37.5,0,0.10103223,0.109190377,64964,0.363211422,0.336,8448,8.448,6.4964,38.34961612
262,NJ-10,NJ,"Payne, Donald",(D),85.2,12.8,-72.4,-73.8,87.9,11.5,-76.4,0,0.514533112,0.062496415,50100,0.373668508,0.283,-6416,-6.416,5.01,29.02625379
263,NJ-11,NJ,"Frelinghuysen, Rodney",(R),47.9,48.8,0.9,19.1,46.6,52.4,5.8,0,0.032470772,0.096819665,108260,0.24105031,0.544,51744,51.744,10.826,18.28402657
264,NJ-12,NJ,"Watson Coleman, Bonnie",(D),65,31.8,-33.2,-30.9,66.5,32.4,-34.1,0,0.170831025,0.088357195,85744,0.274841173,0.455,29228,29.228,8.5744,27.65712226
265,NM-01,NM,"Lujan Grisham, Michelle",(D),51.6,35.1,-16.5,-30.2,55.3,39.6,-15.7,0,0.027355173,0.043119881,49570,0.458711584,0.329,-6946,-6.946,4.957,10.07956239
266,NM-02,NM,"Pearce, Steve",(R),39.9,50.1,10.2,25.4,44.9,51.7,6.8,0,0.018910069,0.032891715,41797,0.522362379,0.21,-14719,-14.719,4.1797,12.40647973
267,NM-03,NM,"Lujan, Ben",(D),51.8,36.7,-15.1,-24.8,57.5,38.7,-18.8,0,0.012729373,0.03711335,49210,0.464757436,0.272,-7306,-7.306,4.921,6.082135039
268,NV-01,NV,"Titus, Dina",(D),61.6,32.6,-29,-33.1,65.6,32.4,-33.2,0,0.115282329,0.032598621,38000,0.388640103,0.152,-18516,-18.516,3.8,32.9317169
269,NV-02,NV,"Amodei, Mark",(R),39.7,52,12.3,21.4,44.8,52.9,8.1,0,0.017356913,0.074692481,58214,0.349438143,0.255,1698,1.698,5.8214,12.49476379
270,NV-03,NV,"Rosen, Jacky",(D),46.5,47.5,1,-1.2,49.5,48.7,-0.8,1,0.067400257,0.029048553,68396,0.283550221,0.315,11880,11.88,6.8396,17.87492884
271,NV-04,NV,"Kihuen, Ruben",(D),49.5,44.6,-4.9,-4,54.4,43.7,-10.7,0,0.155745539,0.034718629,55712,0.36562967,0.204,-804,-0.804,5.5712,16.61924756
272,NY-01,NY,"Zeldin, Lee",(R),42.2,54.5,12.3,16.4,49.6,49.1,-0.5,1,0.055219132,0.050923966,90435,0.317815998,0.341,33919,33.919,9.0435,12.88697045
273,NY-02,NY,"King, Peter",(R),43.9,53,9.1,24.2,51.6,47.2,-4.4,1,0.097550557,0.081605917,93362,0.306969117,0.312,36846,36.846,9.3362,18.39154669
274,NY-03,NY,"Suozzi, Tom",(D),51.6,45.5,-6.1,-6,50.8,48.2,-2.6,1,0.027652537,0.055193801,111504,0.282593314,0.516,54988,54.988,11.1504,22.48703574
275,NY-04,NY,"Rice, Kathleen",(D),53.4,43.8,-9.6,-19.2,56.3,42.8,-13.5,0,0.14576908,0.042017722,100178,0.293106282,0.425,43662,43.662,10.0178,22.42108887
276,NY-05,NY,"Meeks, Gregory",(D),85.7,12.7,-73,-72.5,90.6,9.1,-81.5,0,0.488061509,0.03032194,66529,0.410393562,0.255,10013,10.013,6.6529,42.0344165
277,NY-06,NY,"Meng, Grace",(D),65.1,32.1,-33,-45.4,67.8,31,-36.8,0,0.040511102,0.039038934,61956,0.388679411,0.359,5440,5.44,6.1956,51.09891422
278,NY-07,NY,"Velazquez, Nydia",(D),86.9,10.4,-76.5,-81.6,88.4,10.3,-78.1,0,0.11147946,0.050992523,55207,0.475135892,0.337,-1309,-1.309,5.5207,35.67719931
279,NY-08,NY,"Jeffries, Hakeem",(D),84.6,13.5,-71.1,-100,89.2,10.2,-79,0,0.534333449,0.030693459,51634,0.433548646,0.337,-4882,-4.882,5.1634,33.1771868
280,NY-09,NY,"Clarke, Yvette",(D),83.5,14.4,-69.1,-100,85.2,13.9,-71.3,0,0.494698609,0.02198168,54895,0.445082988,0.375,-1621,-1.621,5.4895,40.10619028
281,NY-10,NY,"Nadler, Jerrold",(D),78.3,18.8,-59.5,-56.2,73.6,25.1,-48.5,0,0.035577466,0.036568494,85756,0.371945251,0.603,29240,29.24,8.5756,31.77527646
282,NY-11,NY,"Donovan, Dan",(R),43.8,53.6,9.8,24.9,51.6,47.3,-4.3,1,0.074581346,0.027079199,71072,0.371631932,0.344,14556,14.556,7.1072,30.72069965
283,NY-12,NY,"Maloney, Carolyn",(D),83.3,13.5,-69.8,-66.4,76.9,21.5,-55.4,0,0.047353422,0.03312877,100281,0.240717281,0.722,43765,43.765,10.0281,26.18638631
284,NY-13,NY,"Espaillat, Adriano",(D),92.3,5.4,-86.9,-81.9,94.6,4.6,-90,0,0.296628,0.02943354,41103,0.517152307,0.31,-15413,-15.413,4.1103,38.36102526
285,NY-14,NY,"Crowley, Joe",(D),77.7,19.8,-57.9,-65.8,80.7,18.3,-62.4,0,0.113857586,0.037761283,53512,0.447529212,0.256,-3004,-3.004,5.3512,45.81959333
286,NY-15,NY,"Serrano, Jose",(D),93.8,4.9,-88.9,-91.8,96.7,3,-93.7,0,0.318048494,0.035200888,29234,0.630906317,0.124,-27282,-27.282,2.9234,38.20702627
287,NY-16,NY,"Engel, Eliot",(D),75.1,22.5,-52.6,-100,73.7,25.5,-48.2,0,0.341209219,0.031631285,69086,0.387834454,0.406,12570,12.57,6.9086,30.24364622
288,NY-17,NY,"Lowey, Nita",(D),58.6,38.4,-20.2,-100,57.1,41.9,-15.2,0,0.107152548,0.051586099,94451,0.352202369,0.445,37935,37.935,9.4451,24.06845189
289,NY-18,NY,"Maloney, Sean",(D),47.1,49,1.9,-11.2,51.4,47.1,-4.3,1,0.093233345,0.060326775,80493,0.326707244,0.357,23977,23.977,8.0493,12.23552726
290,NY-19,NY,"Faso, John",(R),44,50.8,6.8,8.2,52.1,45.9,-6.2,0,0.045009561,0.070149254,59619,0.389401047,0.292,3103,3.103,5.9619,6.734461497
291,NY-20,NY,"Tonko, Paul",(D),54,40.5,-13.5,-35.8,59.2,38.8,-20.4,0,0.090635264,0.068055627,64226,0.357634204,0.387,7710,7.71,6.4226,8.945060657
292,NY-21,NY,"Stefanik, Elise",(R),40,53.9,13.9,35.1,52.2,46.1,-6.1,0,0.029848356,0.090321779,52350,0.41173176,0.232,-4166,-4.166,5.235,3.382279804
293,NY-22,NY,"Tenney, Claudia",(R),39.3,54.8,15.5,5.4,48.8,49.2,0.4,1,0.042697281,0.108535599,52967,0.421823102,0.26,-3549,-3.549,5.2967,5.15932585
294,NY-23,NY,"Reed, Tom",(R),39.7,54.5,14.8,15.2,48.4,49.6,1.2,1,0.031396144,0.13270802,48730,0.4127646,0.261,-7786,-7.786,4.873,4.537193218
295,NY-24,NY,"Katko, John",(R),48.9,45.3,-3.6,21.2,57,41.1,-15.9,0,0.084491554,0.096047763,56388,0.391046372,0.303,-128,-0.128,5.6388,6.032687896
296,NY-25,NY,"Slaughter, Louise",(D),55.5,39.1,-16.4,-12.4,58.8,39.4,-19.4,0,0.157392266,0.112733086,53723,0.385487532,0.373,-2793,-2.793,5.3723,9.018632024
297,NY-26,NY,"Higgins, Brian",(D),57.6,38,-19.6,-49.2,63.9,34.3,-29.6,0,0.177568314,0.096303443,47358,0.454924399,0.308,-9158,-9.158,4.7358,7.755421449
298,NY-27,NY,"Collins, Chris",(R),35.2,59.7,24.5,34.4,42.9,55.3,12.4,0,0.02513008,0.129461973,62698,0.332078207,0.307,6182,6.182,6.2698,3.262869498
299,OH-01,OH,"Chabot, Steve",(R),44.6,51.2,6.6,18.4,46.3,52.4,6.1,0,0.219701684,0.126164741,55712,0.337586321,0.338,-804,-0.804,5.5712,5.687512175
300,OH-02,OH,"Wenstrup, Brad",(R),39.7,55.8,16.1,32.8,43.7,54.7,11,0,0.085217634,0.131334716,55472,0.367534503,0.323,-1044,-1.044,5.5472,2.82738239
301,OH-03,OH,"Beatty, Joyce",(D),67,28.6,-38.4,-37.2,69.7,28.9,-40.8,0,0.332385375,0.073246327,45860,0.378057626,0.278,-10656,-10.656,4.586,11.15106452
302,OH-04,OH,"Jordan, Jim",(R),30.7,64.3,33.6,36,42,56,14,0,0.054691471,0.249908306,52632,0.37405103,0.179,-3884,-3.884,5.2632,2.058772047
303,OH-05,OH,"Latta, Bob",(R),34.6,59.7,25.1,41.8,44.1,53.9,9.8,0,0.026419047,0.230218283,57171,0.332230395,0.262,655,0.655,5.7171,2.753597047
304,OH-06,OH,"Johnson, Bill",(R),26.7,69.3,42.6,41.4,42.7,55.2,12.5,0,0.025481022,0.140883659,46839,0.439651265,0.159,-9677,-9.677,4.6839,1.134686216
305,OH-07,OH,"Gibbs, Bob",(R),32.8,62.5,29.7,35,44.2,53.7,9.5,0,0.039535324,0.201874637,53374,0.376462649,0.209,-3142,-3.142,5.3374,2.195415303
306,OH-08,OH,"Davidson, Warren",(R),30.6,65.1,34.5,41.8,36.4,61.9,25.5,0,0.05968925,0.206850847,58213,0.360237617,0.238,1697,1.697,5.8213,3.73839223
307,OH-09,OH,"Kaptur, Marcy",(D),58.7,36.5,-22.2,-37.4,67.6,30.9,-36.7,0,0.17033111,0.151965159,41417,0.462902813,0.216,-15099,-15.099,4.1417,4.678837895
308,OH-10,OH,"Turner, Michael",(R),44,51.3,7.3,31.4,48.2,50.1,1.9,1,0.170148288,0.132823121,49988,0.399289682,0.279,-6528,-6.528,4.9988,4.743362291
309,OH-11,OH,"Fudge, Marcia",(D),80.5,17,-63.5,-60.6,82.8,16.5,-66.3,0,0.526638699,0.122971282,35735,0.49524057,0.268,-20781,-20.781,3.5735,5.371800539
310,OH-12,OH,Tiberi,(R),41.9,53.2,11.3,36.8,43.9,54.4,10.5,0,0.04857411,0.110767784,67415,0.300810496,0.41,10899,10.899,6.7415,5.553417153
311,OH-13,OH,"Ryan, Tim",(D),51.1,44.6,-6.5,-35.4,62.9,35.4,-27.5,0,0.117637029,0.160808666,42430,0.435744636,0.237,-14086,-14.086,4.243,4.284448127
312,OH-14,OH,"Joyce, David",(R),42.1,53.6,11.5,25.2,47.6,50.9,3.3,1,0.044968525,0.181116789,63362,0.314957267,0.341,6846,6.846,6.3362,4.638930895
313,OH-15,OH,"Stivers, Steve",(R),39.9,55.3,15.4,32.4,46.3,51.9,5.6,0,0.043552983,0.106926161,61514,0.347478544,0.314,4998,4.998,6.1514,3.860289421
314,OH-16,OH,"Renacci, Jim",(R),39.5,56.1,16.6,30.6,45.2,53.4,8.2,0,0.023813909,0.162129566,64197,0.313715235,0.333,7681,7.681,6.4197,5.350742166
315,OK-01,OK,"Bridenstine, Jim",(R),32.7,61.4,28.7,100,34.2,65.8,31.6,0,0.085910455,0.116972219,52319,0.318877612,0.302,-4197,-4.197,5.2319,7.890024982
316,OK-02,OK,"Mullin, Markwayne",(R),22.8,72.9,50.1,47.4,32.2,67.8,35.6,0,0.033550815,0.120613997,40770,0.415863327,0.17,-15746,-15.746,4.077,2.135985804
317,OK-03,OK,"Lucas, Frank",(R),20.9,73.6,52.7,56.6,26.1,73.9,47.8,0,0.035116907,0.086976287,47724,0.334463948,0.229,-8792,-8.792,4.7724,4.902410992
318,OK-04,OK,"Cole, Tom",(R),28.3,65.7,37.4,43.5,32.9,67.1,34.2,0,0.070791877,0.081844874,55183,0.316600683,0.255,-1333,-1.333,5.5183,4.329488196
319,OK-05,OK,"Russell, Steve",(R),39.8,53.2,13.4,20.3,40.8,59.2,18.4,0,0.136135682,0.07327238,49616,0.345985934,0.301,-6900,-6.9,4.9616,9.496612119
320,OR-01,OR,"Bonamici, Suzanne",(D),57.3,34.5,-22.8,-22.7,57.3,40,-17.3,0,0.014978839,0.163657231,72097,0.32742211,0.411,15581,15.581,7.2097,14.09111044
321,OR-02,OR,"Walden, Greg",(R),36.4,56.5,20.1,43.8,40.5,56.8,16.3,0,0.007617472,0.094775796,49837,0.467544477,0.238,-6679,-6.679,4.9837,5.923479592
322,OR-03,OR,"Blumenauer, Earl",(D),70.7,22.5,-48.2,-100,72,24.7,-47.3,0,0.054758287,0.09419619,63231,0.34849571,0.412,6715,6.715,6.3231,13.21869428
323,OR-04,OR,"DeFazio, Peter",(D),46.1,46,-0.1,-15.9,51.7,45,-6.7,0,0.007777508,0.101263702,46749,0.46129358,0.267,-9767,-9.767,4.6749,5.079076152
324,OR-05,OR,"Schrader, Kurt",(D),48.3,44.1,-4.2,-10.5,50.5,47.1,-3.4,1,0.011000266,0.101967139,60395,0.390693148,0.3,3879,3.879,6.0395,9.533726406
325,PA-01,PA,"Brady, Bob",(D),79.5,18.2,-61.3,-64.4,82.3,16.9,-65.4,0,0.354512599,0.066943244,45025,0.433888348,0.274,-11491,-11.491,4.5025,14.04139903
326,PA-02,PA,"Evans, Dwight",(D),90.4,7.6,-82.8,-80.4,90.4,9,-81.4,0,0.564302422,0.055188972,41320,0.417372394,0.367,-15196,-15.196,4.132,10.12518906
327,PA-03,PA,"Kelly, Mike",(R),35,61.1,26.1,100,43,55.6,12.6,0,0.046115155,0.156739664,51289,0.39575201,0.265,-5227,-5.227,5.1289,2.988398069
328,PA-04,PA,"Perry, Scott",(R),37.1,58.6,21.5,32.2,41.5,57.1,15.6,0,0.080280651,0.135197805,61333,0.346206725,0.267,4817,4.817,6.1333,5.370573714
329,PA-05,PA,"Thompson, Glenn",(R),33.5,62.3,28.8,34.4,41.5,57.1,15.6,0,0.027919746,0.151494857,48410,0.382292656,0.251,-8106,-8.106,4.841,3.124464647
330,PA-06,PA,"Costello, Ryan",(R),48.2,47.6,-0.6,14.4,48.1,50.6,2.5,1,0.041479691,0.131709237,82139,0.276308187,0.432,25623,25.623,8.2139,6.925713015
331,PA-07,PA,"Meehan, Pat",(R),49.3,47,-2.3,19,48.5,50.4,1.9,1,0.058256707,0.109158691,85881,0.282782458,0.434,29365,29.365,8.5881,7.550994623
332,PA-08,PA,"Fitzpatrick, Brian",(R),48,48.2,0.2,8.8,49.3,49.4,0.1,1,0.035345039,0.121070839,80199,0.28478192,0.397,23683,23.683,8.0199,10.13954288
333,PA-09,PA,"Schuster, Bill",(R),27.2,69.7,42.5,26.6,35.9,62.8,26.9,0,0.03094383,0.118422057,47697,0.407340802,0.186,-8819,-8.819,4.7697,1.55958873
334,PA-10,PA,"Marino, Tom",(R),30.1,66.1,36,40.4,38.4,60.1,21.7,0,0.03249273,0.142044499,52199,0.403429728,0.225,-4317,-4.317,5.2199,3.13782455
335,PA-11,PA,"Barletta, Lou",(R),36.2,60,23.8,27.4,44.5,53.9,9.4,0,0.057314573,0.122359058,53833,0.359354937,0.251,-2683,-2.683,5.3833,4.622074524
336,PA-12,PA,"Rothfus, Keith",(R),37.9,58.7,20.8,23.6,40.9,57.8,16.9,0,0.027973281,0.117720829,60387,0.351760198,0.337,3871,3.871,6.0387,2.989510915
337,PA-13,PA,"Boyle, Brendan",(D),65.3,31.7,-33.6,-100,66.2,32.9,-33.3,0,0.200842086,0.089870311,60105,0.381079162,0.354,3589,3.589,6.0105,19.06692686
338,PA-14,PA,"Doyle, Michael",(D),66,30.5,-35.5,-48.8,68,30.6,-37.4,0,0.207664003,0.061892886,44939,0.391142412,0.354,-11577,-11.577,4.4939,5.439400226
339,PA-15,PA,"Dent, Charlie",(R),44.2,51.8,7.6,20.4,47.9,50.8,2.9,1,0.053600892,0.144203021,62755,0.359256174,0.292,6239,6.239,6.2755,7.711107098
340,PA-16,PA,"Smucker, Lloyd",(R),44.2,51,6.8,10.9,46.3,52.4,6.1,0,0.065273482,0.165999943,57144,0.365156889,0.251,628,0.628,5.7144,7.317247887
341,PA-17,PA,"Cartwright, Matt",(D),43.3,53.4,10.1,-7.6,55.4,43.3,-12.1,0,0.061108587,0.129954021,51635,0.388154253,0.227,-4881,-4.881,5.1635,5.949125469
342,PA-18,PA,Murphy,(R),38.5,58.1,19.6,100,41,57.9,16.9,0,0.025706406,0.09779448,63825,0.334818044,0.365,7309,7.309,6.3825,3.537123462
343,RI-01,RI,"Cicilline, David",(D),60.5,34.9,-25.6,-29.6,66.2,32.2,-34,0,0.091250971,0.115434481,56547,0.389669992,0.342,31,0.031,5.6547,17.36581041
344,RI-02,RI,"Langevin, Jim",(D),51.1,44,-7.1,-27.4,59.8,38.3,-21.5,0,0.035676685,0.100202117,63976,0.357136864,0.34,7460,7.46,6.3976,10.63371539
345,SC-01,SC,"Sanford, Mark",(R),40.4,53.5,13.1,21.8,40.2,58.3,18.1,0,0.181716279,0.085155523,64973,0.334380667,0.399,8457,8.457,6.4973,5.601619176
346,SC-02,SC,"Wilson, Joe",(R),38.6,56.3,17.7,24.4,39.4,59.1,19.7,0,0.234798349,0.100811552,57253,0.322484622,0.335,737,0.737,5.7253,4.848801131
347,SC-03,SC,"Duncan, Jeff",(R),29,67,38,45.8,33.9,64.5,30.6,0,0.179794893,0.206235036,45042,0.380721855,0.22,-11474,-11.474,4.5042,4.118641171
348,SC-04,SC,"Gowdy, Trey",(R),34.5,60.2,25.7,36.2,36.2,62.2,26,0,0.189224229,0.179880426,51718,0.337530307,0.307,-4798,-4.798,5.1718,7.155935647
349,SC-05,SC,"Norman, Ralph",(R),38.8,57.3,18.5,20.3,43.6,55.1,11.5,0,0.264829835,0.171746196,48743,0.362408057,0.23,-7773,-7.773,4.8743,3.309875954
350,SC-06,SC,"Clyburn, Jim",(D),66.8,30.3,-36.5,-42.5,70.9,28.1,-42.8,0,0.572250903,0.108286348,35296,0.436491962,0.196,-21220,-21.22,3.5296,4.061463491
351,SC-07,SC,"Rice, Tom",(R),39.1,58,18.9,22,44.4,54.5,10.1,0,0.280931915,0.117107349,43146,0.439488949,0.201,-13370,-13.37,4.3146,4.332862044
352,SD-AL,SD,"Noem, Kristi",(R),31.7,61.5,29.8,28.2,39.9,57.9,18,0,0.016781943,0.107646466,54467,0.309941162,0.289,-2049,-2.049,5.4467,3.573384605
353,TN-01,TN,"Roe, Phil",(R),19.7,76.7,57,63,25.7,72.7,47,0,0.020167837,0.148236971,41006,0.45387242,0.194,-15510,-15.51,4.1006,2.744001433
354,TN-02,TN,"Duncan, John",(R),29.7,65.1,35.4,51.2,30.9,67.3,36.4,0,0.063418186,0.100760039,50701,0.35246009,0.31,-5815,-5.815,5.0701,4.235715
355,TN-03,TN,"Fleischmann, Chuck",(R),30.2,65.4,35.2,37.6,35.1,63.3,28.2,0,0.109214642,0.151034698,43938,0.383132779,0.227,-12578,-12.578,4.3938,3.351989828
356,TN-04,TN,"DesJarlais, Scott",(R),27.4,68.6,41.2,30,33.1,65.3,32.2,0,0.092331842,0.182639747,50598,0.347417451,0.226,-5918,-5.918,5.0598,4.794862275
357,TN-05,TN,"Cooper, Jim",(D),56.6,38.2,-18.4,-25.2,55.9,42.5,-13.4,0,0.248511872,0.0762629,54470,0.306415231,0.375,-2046,-2.046,5.447,11.17168392
358,TN-06,TN,"Black, Diane",(R),23.7,72.6,48.9,-49.3,29.5,69.1,39.6,0,0.045086391,0.145450652,50731,0.380494757,0.219,-5785,-5.785,5.0731,3.195113048
359,TN-07,TN,"Blackburn, Marsha",(R),28.2,67.5,39.3,-48.7,32.9,65.7,32.8,0,0.098362347,0.130875155,53276,0.354793101,0.281,-3240,-3.24,5.3276,4.143235866
360,TN-08,TN,"Kustoff, David",(R),30.7,66.3,35.6,43.7,32.8,66.1,33.3,0,0.194818449,0.135679952,54145,0.367268821,0.276,-2371,-2.371,5.4145,3.557132099
361,TN-09,TN,"Cohen, Steve",(D),77.5,19.8,-57.7,-59.8,78.3,20.9,-57.4,0,0.661456026,0.083936804,39761,0.419257973,0.241,-16755,-16.755,3.9761,5.887597824
362,TX-01,TX,"Gohmert, Louie",(R),25.3,72.2,46.9,49.8,27.5,71.6,44.1,0,0.180838332,0.095884286,45313,0.357281833,0.209,-11203,-11.203,4.5313,8.012985294
363,TX-02,TX,"Poe, Ted",(R),43.1,52.4,9.3,24.6,35.6,62.9,27.3,0,0.12652534,0.10128215,72711,0.239740199,0.408,16195,16.195,7.2711,19.40174075
364,TX-03,TX,"Johnson, Sam",(R),40.6,54.8,14.2,26.6,34.2,64.3,30.1,0,0.096528239,0.082503321,88619,0.161852056,0.535,32103,32.103,8.8619,20.98564309
365,TX-04,TX,"Ratcliffe, John",(R),21.8,75.4,53.6,100,24.8,74,49.2,0,0.104708832,0.124640693,52481,0.321060552,0.221,-4035,-4.035,5.2481,5.982565522
366,TX-05,TX,"Hensarling, Jeb",(R),34.3,62.7,28.4,100,34.4,64.5,30.1,0,0.149314022,0.09372954,50536,0.344440111,0.211,-5980,-5.98,5.0536,15.38401164
367,TX-06,TX,"Barton, Joe",(R),41.9,54.2,12.3,19.3,40.8,57.9,17.1,0,0.203231397,0.112514483,65758,0.262025551,0.287,9242,9.242,6.5758,13.478783
368,TX-07,TX,"Culberson, John",(R),48.5,47.1,-1.4,12.4,38.6,59.9,21.3,0,0.12805117,0.078946443,71183,0.224525052,0.507,14667,14.667,7.1183,29.38778053
369,TX-08,TX,"Brady, Kevin",(R),23.9,72.7,48.8,100,21.7,77,55.3,0,0.090168761,0.083819591,64861,0.2673209,0.302,8345,8.345,6.4861,12.50837411
370,TX-09,TX,"Green, Al",(D),79.3,18,-61.3,-61.2,78,21.1,-56.9,0,0.371229956,0.066711225,46048,0.321762161,0.238,-10468,-10.468,4.6048,34.84154005
371,TX-10,TX,"McCaul, Michael",(R),43.2,52.3,9.1,18.9,38.8,59.1,20.3,0,0.108698451,0.091295488,73476,0.222864512,0.387,16960,16.96,7.3476,16.06384581
372,TX-11,TX,"Conaway, Michael",(R),19.1,77.8,58.7,100,19.6,79.2,59.6,0,0.041303535,0.066506562,50602,0.30722389,0.204,-5914,-5.914,5.0602,8.646935463
373,TX-12,TX,"Granger, Kay",(R),32.7,62.9,30.2,42.5,31.7,66.8,35.1,0,0.086129681,0.09521284,62214,0.268509482,0.299,5698,5.698,6.2214,11.08612968
374,TX-13,TX,"Thornberry, Mac",(R),16.9,79.9,63,100,18.5,80.2,61.7,0,0.050954099,0.103549479,50150,0.3286757,0.204,-6366,-6.366,5.015,10.24609108
375,TX-14,TX,"Weber, Randy",(R),38.4,58.2,19.8,23.8,39.5,59.3,19.8,0,0.199862709,0.115151969,58103,0.294390901,0.227,1587,1.587,5.8103,10.44444179
376,TX-15,TX,"Gonzalez, Vicente",(D),56.7,40,-16.7,-19.6,57.4,41.5,-15.9,0,0.01576291,0.057755094,41947,0.370087366,0.198,-14569,-14.569,4.1947,22.53879908
377,TX-16,TX,"O'Rourke, Beto",(D),67.9,27.2,-40.7,-100,64.2,34.5,-29.7,0,0.039953302,0.061055639,44045,0.340745736,0.239,-12471,-12.471,4.4045,23.52973155
378,TX-17,TX,"Flores, Bill",(R),38.8,56.3,17.5,25.6,37.7,60.4,22.7,0,0.131163032,0.091406712,50888,0.261579659,0.294,-5628,-5.628,5.0888,11.79320193
379,TX-18,TX,"Jackson-Lee, Sheila",(D),76.5,20,-56.5,-49.9,76.1,22.8,-53.3,0,0.363454973,0.094738162,42662,0.360786565,0.224,-13854,-13.854,4.2662,21.75761286
380,TX-19,TX,"Arrington, Jodey",(R),23.5,72.5,49,100,25,73.6,48.6,0,0.061057925,0.056093334,47875,0.333112193,0.224,-8641,-8.641,4.7875,7.591636579
381,TX-20,TX,"Castro, Joaquin",(D),61,34.3,-26.7,-100,58.9,39.7,-19.2,0,0.054119304,0.051136225,49421,0.311453865,0.247,-7095,-7.095,4.9421,15.35819784
382,TX-21,TX,"Smith, Lamar",(R),42.5,52.5,10,20.6,37.9,59.8,21.9,0,0.037299091,0.055422179,68987,0.246043819,0.451,12471,12.471,6.8987,10.15575472
383,TX-22,TX,"Olson, Pete",(R),44.2,52.1,7.9,19,36.7,62.1,25.4,0,0.133379926,0.092694982,87901,0.193807705,0.451,31385,31.385,8.7901,25.3322245
384,TX-23,TX,"Hurd, Will",(R),49.8,46.4,-3.4,1.3,48.1,50.7,2.6,1,0.038543543,0.056511613,51293,0.334210075,0.217,-5223,-5.223,5.1293,16.92774638
385,TX-24,TX,"Marchant, Kenny",(R),44.5,50.7,6.2,16.9,38,60.4,22.4,0,0.117568982,0.078316994,70454,0.201188261,0.447,13938,13.938,7.0454,23.63020502
386,TX-25,TX,"Williams, Roger",(R),40.2,55.1,14.9,20.6,37.8,59.9,22.1,0,0.075466282,0.082604768,69083,0.2519604,0.372,12567,12.567,6.9083,7.567994107
387,TX-26,TX,"Burgess, Michael",(R),34.4,60.9,26.5,36.8,30.7,67.6,36.9,0,0.071925392,0.081189812,87272,0.185252203,0.442,30756,30.756,8.7272,12.259397
388,TX-27,TX,"Farenthold, Blake",(R),36.5,60.1,23.6,23.4,38.2,60.5,22.3,0,0.054704402,0.082020644,53047,0.338565891,0.203,-3469,-3.469,5.3047,9.178612825
389,TX-28,TX,"Cuellar, Henry",(D),58.3,38.5,-19.8,-34.9,60.3,38.7,-21.6,0,0.040153501,0.043849486,44021,0.372632533,0.177,-12495,-12.495,4.4021,21.43435441
390,TX-29,TX,"Green, Gene",(D),71.1,25.4,-45.7,-48.5,65.9,33,-32.9,0,0.106098356,0.109638688,41737,0.350219014,0.104,-14779,-14.779,4.1737,34.26652365
391,TX-30,TX,"Johnson, E.B.",(D),79.1,18.3,-60.8,-58.9,79.6,19.6,-60,0,0.435610292,0.07479917,44689,0.351421189,0.205,-11827,-11.827,4.4689,16.80379667
392,TX-31,TX,"Carter, John",(R),40.8,53.5,12.7,21.9,38.3,59.6,21.3,0,0.112433627,0.085855826,69228,0.252030281,0.343,12712,12.712,6.9228,9.977759271
393,TX-32,TX,"Sessions, Pete",(R),48.5,46.6,-1.9,100,41.5,57,15.5,0,0.143885952,0.084666096,70119,0.249195887,0.434,13603,13.603,7.0119,22.27194629
394,TX-33,TX,"Veasey, Marc",(D),72.9,23.7,-49.2,-47.4,72,27.1,-44.9,0,0.157201888,0.113875179,38445,0.356591257,0.093,-18071,-18.071,3.8445,32.64433199
395,TX-34,TX,"Vela, Filemon",(D),59.2,37.7,-21.5,-25.4,60.8,38.3,-22.5,0,0.013219831,0.050425271,37989,0.376527357,0.151,-18527,-18.527,3.7989,18.85250209
396,TX-35,TX,"Doggett, Lloyd",(D),64.1,30.5,-33.6,-31.5,63,34.6,-28.4,0,0.101749208,0.06162545,48490,0.312080889,0.204,-8026,-8.026,4.849,16.64780373
397,TX-36,TX,"Babin, Brian",(R),25.2,72,46.8,100,25.7,73.2,47.5,0,0.09192128,0.130585227,58984,0.309794928,0.194,2468,2.468,5.8984,11.14089839
398,UT-01,UT,"Bishop, Rob",(R),22.4,49.7,27.3,39.5,20.4,77.4,57,0,0.010279081,0.132942071,65896,0.204067456,0.289,9380,9.38,6.5896,5.764575122
399,UT-02,UT,"Stewart, Chris",(R),32,46,14,27.7,29.2,68,38.8,0,0.014441744,0.090103814,60700,0.262523279,0.325,4184,4.184,6.07,9.519671871
400,UT-03,UT,Chaffetz,(R),23.3,47.2,23.9,47,19.5,78.3,58.8,0,0.005246244,0.084844774,70763,0.197088565,0.416,14247,14.247,7.0763,7.402204912
401,UT-04,UT,"Love, Mia",(R),32.4,39.1,6.7,12.5,30.2,67.2,37,0,0.012929784,0.098669909,68711,0.198838226,0.282,12195,12.195,6.8711,10.30598007
402,VA-01,VA,"Wittman, Rob",(R),41.2,53.6,12.4,23.3,43.4,55.3,11.9,0,0.158576585,0.05086651,81338,0.262508879,0.375,24822,24.822,8.1338,9.014772745
403,VA-02,VA,"Taylor, Scott",(R),45.4,48.8,3.4,23,48.2,50.5,2.3,1,0.199684641,0.071344917,66953,0.263659038,0.344,10437,10.437,6.6953,8.895625731
404,VA-03,VA,"Scott, Bobby",(D),63.6,31.9,-31.7,-33.8,67.6,31.3,-36.3,0,0.45850543,0.104126552,51794,0.328844599,0.262,-4722,-4.722,5.1794,5.091934321
405,VA-04,VA,"McEachin, Donald",(D),58.7,37.1,-21.6,-15.8,60.3,38.5,-21.8,0,0.411349717,0.073026404,54607,0.32927549,0.301,-1909,-1.909,5.4607,4.597665056
406,VA-05,VA,"Garrett, Tom",(R),42.3,53.4,11.1,16.6,45.9,52.5,6.6,0,0.197557598,0.108113795,52237,0.339578396,0.279,-4279,-4.279,5.2237,4.081324523
407,VA-06,VA,"Goodlatte, Bob",(R),34.9,59.7,24.8,33.6,39.5,58.8,19.3,0,0.114368379,0.12075964,50061,0.322288165,0.266,-6455,-6.455,5.0061,5.115789836
408,VA-07,VA,"Brat, Dave",(R),44,50.5,6.5,15.4,44.1,54.6,10.5,0,0.171857528,0.061949498,73580,0.257211271,0.39,17064,17.064,7.358,9.707249065
409,VA-08,VA,"Beyer, Don",(D),73.5,20.9,-52.6,-41.2,67.8,31,-36.8,0,0.140970451,0.019710822,100719,0.190015397,0.618,44203,44.203,10.0719,29.21697555
410,VA-09,VA,"Griffith, Morgan",(R),27.3,68.8,41.5,40.3,34.9,63.1,28.2,0,0.054069804,0.129302521,41698,0.402216258,0.204,-14818,-14.818,4.1698,2.597268505
411,VA-10,VA,"Comstock, Barbara",(R),52.2,42.2,-10,5.8,48.8,49.9,1.1,1,0.066524111,0.052357481,120384,0.172844347,0.543,63868,63.868,12.0384,20.97913763
412,VA-11,VA,"Connolly, Gerry",(D),66.9,27.5,-39.4,-100,62.5,36.3,-26.2,0,0.134468371,0.021672564,106554,0.186179567,0.555,50038,50.038,10.6554,32.06038037
413,VT-AL,VT,"Welch, Peter",(D),56.7,30.3,-26.4,-100,67,31.2,-35.8,0,0.012637009,0.108855873,57677,0.427281927,0.364,1161,1.161,5.7677,4.518615292
414,WA-01,WA,"DelBene, Suzan",(D),54.1,37.8,-16.3,-10.8,54.1,43.3,-10.8,0,0.01328729,0.140849966,91018,0.267597807,0.434,34502,34.502,9.1018,16.09973054
415,WA-02,WA,"Larsen, Rick",(D),56.9,34.8,-22.1,-28,59.2,38,-21.2,0,0.03327843,0.143300234,65187,0.350369992,0.303,8671,8.671,6.5187,14.57840917
416,WA-03,WA,"Herrera Beutler, Jaime",(R),42.5,49.9,7.4,23.6,47.9,49.6,1.7,1,0.012975631,0.10686611,61304,0.408406837,0.254,4788,4.788,6.1304,8.794963705
417,WA-04,WA,"Newhouse, Dan",(R),35.1,57.9,22.8,100,37.9,59.7,21.8,0,0.013762943,0.089058707,52484,0.47137303,0.201,-4032,-4.032,5.2484,16.42465474
418,WA-05,WA,"McMorris Rodgers, Cathy",(R),39.1,52.2,13.1,19.2,43.7,53.5,9.8,0,0.015655975,0.077147648,51697,0.425064798,0.304,-4819,-4.819,5.1697,5.467730731
419,WA-06,WA,"Kilmer, Derek",(D),51.8,39.5,-12.3,-23,56.1,41.2,-14.9,0,0.037758625,0.087369596,60616,0.417683283,0.297,4100,4.1,6.0616,6.897957316
420,WA-07,WA,"Jayapal, Pramila",(D),82.1,12.2,-69.9,-100,79.2,18.1,-61.1,0,0.041354909,0.076235639,84579,0.23901152,0.61,28063,28.063,8.4579,17.55968578
421,WA-08,WA,"Reichert, David",(R),47.7,44.7,-3,20.4,49.7,48.1,-1.6,1,0.028016114,0.119094852,79516,0.299664572,0.345,23000,23,7.9516,13.62917187
422,WA-09,WA,"Smith, Adam",(D),70.5,23.3,-47.2,-45.8,68.3,29.6,-38.7,0,0.108376708,0.099539493,75407,0.343874804,0.418,18891,18.891,7.5407,29.99798614
423,WA-10,WA,"Heck, Denny",(D),51.3,39.9,-11.4,-17.4,56.3,41.1,-15.2,0,0.059648768,0.08303937,62206,0.370096536,0.287,5690,5.69,6.2206,9.600684104
424,WI-01,WI,"Ryan, Paul",(R),42.3,52.6,10.3,34.8,47.4,51.6,4.2,1,0.054036825,0.183838667,61589,0.325741683,0.282,5073,5.073,6.1589,5.638819729
425,WI-02,WI,"Pocan, Mark",(D),65.8,29,-36.8,-37.6,68.3,30.5,-37.8,0,0.042960432,0.121267244,65589,0.261948885,0.426,9073,9.073,6.5589,7.637644866
426,WI-03,WI,"Kind, Ron",(D),44.8,49.3,4.5,-100,54.8,43.8,-11,0,0.012123068,0.156024724,52154,0.332602294,0.254,-4362,-4.362,5.2154,2.67328118
427,WI-04,WI,"Moore, Gwen",(D),74,21.8,-52.2,-100,75.3,23.8,-51.5,0,0.336405452,0.14130707,41816,0.440102949,0.274,-14700,-14.7,4.1816,9.571749215
428,WI-05,WI,"Sensenbrenner, Jim",(R),37.3,57.4,20.1,37.5,37.7,61.3,23.6,0,0.020591112,0.190887969,68162,0.276158008,0.369,11646,11.646,6.8162,4.214661171
429,WI-06,WI,"Grothman, Glenn",(R),38.8,55.7,16.9,19.9,45.8,53.1,7.3,0,0.016207941,0.258932203,57129,0.322676385,0.264,613,0.613,5.7129,4.045026275
430,WI-07,WI,"Duffy, Sean",(R),37.3,57.8,20.5,23.4,47.8,50.9,3.1,1,0.00768904,0.18348569,51738,0.378138747,0.231,-4778,-4.778,5.1738,2.345524112
431,WI-08,WI,"Gallagher, Mike",(R),38.6,56.2,17.6,25.4,47.6,51.3,3.7,1,0.013581385,0.22049426,57888,0.308380537,0.254,1372,1.372,5.7888,3.69810844
432,WV-01,WV,"McKinley, David",(R),26.4,68,41.6,38,35.5,62.2,26.7,0,0.028300312,0.092315561,45611,0.44697854,0.235,-10905,-10.905,4.5611,1.946912406
433,WV-02,WV,"Mooney, Alex",(R),29.4,65.8,36.4,16.4,38,60,22,0,0.049416392,0.0901729,48358,0.451448268,0.215,-8158,-8.158,4.8358,2.258328651
434,WV-03,WV,"Jenkins, Evan",(R),23.3,72.5,49.2,43.9,32.8,65,32.2,0,0.036332663,0.06471894,37728,0.555956411,0.174,-18788,-18.788,3.7728,0.962408712
435,WY-AL,WY,"Cheney, Liz",(R),22.5,70.1,47.6,32.1,27.6,68.2,40.6,0,0.010196396,0.039647684,59882,0.272785824,0.271,3366,3.366,5.9882,3.220489803
